category_1,category_2,category_3,category_4,taxonomy_1,taxonomy_2,taxonomy_3,disposition,note
Baby,Baby & Toddler Healthcare,Baby Cotton Wool And Buds,,Baby,Baby & Toddler Healthcare,Baby Cotton Wool And Buds,map,
Baby,Baby & Toddler Healthcare,Baby Medicine And Vitamins,,Baby,Baby & Toddler Healthcare,Baby Medicine And Vitamins,map,
Baby,Baby & Toddler Healthcare,Baby Sterilising Fluid,,Baby,Baby & Toddler Healthcare,Baby Sterilising Fluid,map,
Baby,Baby & Toddler Toiletries,Baby & Toddler Bath,,Baby,Baby & Toddler Toiletries,Baby & Toddler Bath,map,
Baby,Baby & Toddler Toiletries,"Baby Oils, Creams & Lotions",,Baby,Baby & Toddler Toiletries,"Baby Oils, Creams & Lotions",map,
Baby,Baby & Toddler Toiletries,Baby Shampoo And Conditioner,,Baby,Baby & Toddler Toiletries,Baby Shampoo And Conditioner,map,
Baby,Baby & Toddler Toiletries,Baby Talcum Powder,,Baby,Baby & Toddler Toiletries,Baby Talcum Powder,map,
Baby,Baby Accessories,Baby Bottles,,Baby,Baby Accessories,Baby Bottles,map,
Baby,Baby Accessories,Baby Feeding Accessories,,Baby,Baby Accessories,Baby Feeding Accessories,map,
Baby,Baby Accessories,Baby Nursery Healthcare,,Baby,Baby Accessories,Baby Nursery Healthcare,map,
Baby,Baby Accessories,"Baby Plates, Cutlery & Cups",,Baby,Baby Accessories,"Baby Plates, Cutlery & Cups",map,
Baby,Baby Accessories,Baby Teethers & Soothers,,Baby,Baby Accessories,Baby Teethers & Soothers,map,
Baby,Baby Food & Drinks,Baby & Kid Snacks,Baby Snacks 10 Months & Up,Baby,Baby & Kid Snacks,Baby Snacks 10 Months & Up,map,
Baby,Baby Food & Drinks,Baby & Kid Snacks,Baby Snacks 12 Months & Up,Baby,Baby & Kid Snacks,Baby Snacks 12 Months & Up,map,
Baby,Baby Food & Drinks,Baby & Kid Snacks,Baby Snacks 7 Months & Up,Baby,Baby & Kid Snacks,Baby Snacks 7 Months & Up,map,
Baby,Baby Food & Drinks,Baby & Kid Snacks,Kid Snacks 3 Years & Up,Baby,Baby & Kid Snacks,Kid Snacks 3 Years & Up,map,
Baby,Baby Food & Drinks,Baby Food 10 Months & Up,Baby Breakfast,Baby,Baby Food 10 Months & Up,Baby Breakfast,map,
Baby,Baby Food & Drinks,Baby Food 10 Months & Up,Lunch & Dinner,Baby,Baby Food 10 Months & Up,Lunch & Dinner,map,
Baby,Baby Food & Drinks,Baby Food 12 Months & Up,Lunch & Dinner,Baby,Baby Food 12 Months & Up,Lunch & Dinner,map,
Baby,Baby Food & Drinks,Baby Food 4 Months & Up,Baby Breakfast,Baby,Baby Food 4 Months & Up,Baby Breakfast,map,
Baby,Baby Food & Drinks,Baby Food 4 Months & Up,Baby Desserts & Fruit,Baby,Baby Food 4 Months & Up,Baby Desserts & Fruit,map,
Baby,Baby Food & Drinks,Baby Food 4 Months & Up,Lunch & Dinner,Baby,Baby Food 4 Months & Up,Lunch & Dinner,map,
Baby,Baby Food & Drinks,Baby Food 7 Months & Up,Baby Breakfast,Baby,Baby Food 7 Months & Up,Baby Breakfast,map,
Baby,Baby Food & Drinks,Baby Food 7 Months & Up,Baby Desserts & Fruit,Baby,Baby Food 7 Months & Up,Baby Desserts & Fruit,map,
Baby,Baby Food & Drinks,Baby Food 7 Months & Up,Lunch & Dinner,Baby,Baby Food 7 Months & Up,Lunch & Dinner,map,
Baby,Baby Milk,Specialist Milk,,Baby,Baby Milk,Specialist Milk,map,
Baby,Baby Milk,Stage 1 - First Milk,,Baby,Baby Milk,Stage 1 - First Milk,map,
Baby,Baby Milk,Stage 2 - Follow On Milk,,Baby,Baby Milk,Stage 2 - Follow On Milk,map,
Baby,Baby Milk,Stage 3 - Growing Up Milk,,Baby,Baby Milk,Stage 3 - Growing Up Milk,map,
Baby,Baby Milk,Stage 4 - Growing Up Milk,,Baby,Baby Milk,Stage 4 - Growing Up Milk,map,
Baby,Baby Nappies & Pants,Nappy Bags,,Baby,Baby Nappies & Pants,Nappy Bags,map,
Baby,Baby Nappies & Pants,Night Time Protection,,Baby,Baby Nappies & Pants,Night Time Protection,map,
Baby,Baby Nappies & Pants,Potty Training,,Baby,Baby Nappies & Pants,Potty Training,map,
Baby,Baby Nappies & Pants,Size 0 - 1 Newborn,,Baby,Baby Nappies & Pants,Size 0 - 1 Newborn,map,
Baby,Baby Nappies & Pants,Size 2,,Baby,Baby Nappies & Pants,Size 2,map,
Baby,Baby Nappies & Pants,Size 3,,Baby,Baby Nappies & Pants,Size 3,map,
Baby,Baby Nappies & Pants,Size 4 & 4+,,Baby,Baby Nappies & Pants,Size 4 & 4+,map,
Baby,Baby Nappies & Pants,Size 5 & 5+,,Baby,Baby Nappies & Pants,Size 5 & 5+,map,
Baby,Baby Nappies & Pants,Size 6 & Up,,Baby,Baby Nappies & Pants,Size 6 & Up,map,
Baby,Baby Nappies & Pants,Swim Wear,,Baby,Baby Nappies & Pants,Swim Wear,map,
Baby,Baby Wipes,Fragrance Free Wipes,,Baby,Baby Wipes,Fragrance Free Wipes,map,
Baby,Baby Wipes,Fragranced Wipes,,Baby,Baby Wipes,Fragranced Wipes,map,
Bakery,Bread,"Bagels, Thins, Wraps",,Bakery,Bread,"Bagels, Thins & Wraps",map,"Coherent: bagels, sandwich thins/rounds, tortilla wraps."
Bakery,Bread,"Bake At Home, Naan, Pitta",,Bakery,Bread,"Pitta, Naan & Flatbreads",map,"Bake At Home is a format descriptor; contents are naan, pitta and part-baked baguettes/ciabatta/petits pains."
Bakery,Bread,"Baps, Buns, Rolls",,Bakery,Bread,"Rolls, Baps & Baguettes",map,"Rolls, baps, burger and hot dog buns; merged with in-store Rolls & Baguettes across the packaged/in-store sourcing split."
Bakery,Bread,"Brack, Brioche, Croissant, Scone, Muffin",,,,,dissolve,"Mixed product types: barmbrack/fruit loaf, brioche buns, croissants, scones, muffins and fruit cake all present."
Bakery,Bread,"Crumpets, Farls, Pancakes, Waffles",,Bakery,Morning Goods,"Crumpets, Pancakes & Waffles",map,Coherent griddle/breakfast items.
Bakery,Bread,Gluten Free Bread,,,,,dissolve,Single product (corn broghies); is_gluten_free backfilled so the attribute bucket adds nothing - item is a crispbread/thin.
Bakery,Bread,Sliced Brown Bread,,Bakery,Bread,Brown & Wholemeal Bread,map,Pre-sliced brown/wholemeal/wholegrain pans.
Bakery,Bread,Sliced White Bread,,Bakery,Bread,Sliced White Bread,map,Pre-sliced white pan/batch/bloomer loaves.
Bakery,Bread,Soda Bread & Fruit Bread,,Bakery,Bread,Soda & Fruit Bread,map,"Soda bread/farls and fruit loaves (barmbrack, tea brack); coherent."
Bakery,Bread,"Speciality, Health & Seeded Sliced Bread",,Bakery,Bread,Seeded & Sourdough Bread,map,"Health/Speciality not doing identity work but contents are consistently seeded/multigrain/chia/spelt and sliced sourdough loaves. A few corn crispbreads/broghies would sit better in Bagels, Thins & Wraps."
Bakery,Fresh In Store Bakery,Bread Loaves,,,,,dissolve,"Mixed: white, brown, soda, sourdough boules, vienna, focaccia and seeded loaves in one bucket; unsliced/in-store form is a sourcing attribute, not a type."
Bakery,Fresh In Store Bakery,Chilled Cakes,,Bakery,Cakes & Treats,Cakes,map,"Whole fresh-cream cakes, gateaux, cheesecakes and cake slices; merged with packaged Traditional Cakes. A few tarts/turnovers included."
Bakery,Fresh In Store Bakery,Rolls & Baguettes,,Bakery,Bread,"Rolls, Baps & Baguettes",map,"In-store baked rolls, petit pains, ciabatta and baguettes; merged with packaged Baps, Buns, Rolls."
Bakery,Fresh In Store Bakery,Sharing Treats,,,,,dissolve,"Portion/format marketing bucket; genuinely mixed - cookies, cupcakes, muffins, doughnuts, traybake slices, tarts, biscuit cake and brack."
Bakery,Fresh In Store Bakery,Single Treats,,,,,dissolve,"Portion marketing bucket; mixed - croissants, scones, doughnuts, danishes, pastel de nata and turnovers."
Bakery,Packaged Cakes & Treats,Buns & Small Cakes,,,,,dissolve,"Very mixed: muffins, cupcakes, fairy cakes, mini rolls, bakewell/jam tarts, apple pies, brownies, cookies, traybake squares, battenberg and iced buns."
Bakery,Packaged Cakes & Treats,"Flans, Sponges & Meringue",,,,,dissolve,Mixed: whole sponge cakes plus meringue nests and flan/vol-au-vent pastry cases.
Bakery,Packaged Cakes & Treats,Party,,Bakery,Cakes & Treats,Celebration Cakes,map,Birthday/celebration cakes and party traybakes.
Bakery,Packaged Cakes & Treats,Swiss Rolls & Logs,,Bakery,Cakes & Treats,Swiss Rolls & Mini Rolls,map,"Swiss rolls, chocolate logs and mini-roll multipacks; a couple of birthday gateaux included."
Bakery,Packaged Cakes & Treats,Traditional Cakes,,Bakery,Cakes & Treats,Cakes,map,"Whole packaged cakes (fudge, carrot, lemon, fruit, loaf cakes); merged with in-store Chilled Cakes."
Beauty & Personal Care,Cosmetics,,,Beauty & Personal Care,Cosmetics,,map,
Beauty & Personal Care,Feminine Care,Incontinence Pads,,Beauty & Personal Care,Feminine Care,Incontinence Pads,map,
Beauty & Personal Care,Feminine Care,Liners,,Beauty & Personal Care,Feminine Care,Liners,map,
Beauty & Personal Care,Feminine Care,Sanitary Towels,,Beauty & Personal Care,Feminine Care,Sanitary Towels,map,
Beauty & Personal Care,Feminine Care,Tampons,,Beauty & Personal Care,Feminine Care,Tampons,map,
Beauty & Personal Care,Gift Sets,,,Beauty & Personal Care,Gift Sets,,map,
Beauty & Personal Care,Hair Care,Conditioner & Treatments,,Beauty & Personal Care,Hair Care,Conditioner & Treatments,map,
Beauty & Personal Care,Hair Care,Hair Colourants & Dyes,Permanent,Beauty & Personal Care,Hair Colourants & Dyes,Permanent,map,
Beauty & Personal Care,Hair Care,Hair Colourants & Dyes,Root Touch Up,Beauty & Personal Care,Hair Colourants & Dyes,Root Touch Up,map,
Beauty & Personal Care,Hair Care,Hair Colourants & Dyes,Semi Permanent,Beauty & Personal Care,Hair Colourants & Dyes,Semi Permanent,map,
Beauty & Personal Care,Hair Care,Medicated Haircare,,Beauty & Personal Care,Hair Care,Medicated Haircare,map,
Beauty & Personal Care,Hair Care,Shampoo,,Beauty & Personal Care,Hair Care,Shampoo,map,
Beauty & Personal Care,Hair Care,Styling,"Gels, Waxes & Creams",Beauty & Personal Care,Styling,"Gels, Waxes & Creams",map,
Beauty & Personal Care,Hair Care,Styling,Hair Spray,Beauty & Personal Care,Styling,Hair Spray,map,
Beauty & Personal Care,Hair Care,Styling,Mousse & Serum,Beauty & Personal Care,Styling,Mousse & Serum,map,
Beauty & Personal Care,Hair Care,Styling,Sprays,Beauty & Personal Care,Styling,Sprays,map,
Beauty & Personal Care,Medicines & Healthcare,"Cough, Cold & Flu",,Beauty & Personal Care,Medicines & Healthcare,"Cough, Cold & Flu",map,
Beauty & Personal Care,Medicines & Healthcare,Digestive & Stomach Health,,Beauty & Personal Care,Medicines & Healthcare,Digestive & Stomach Health,map,
Beauty & Personal Care,Medicines & Healthcare,Family Planning,,Beauty & Personal Care,Medicines & Healthcare,Family Planning,map,
Beauty & Personal Care,Medicines & Healthcare,First Aid,,Beauty & Personal Care,Medicines & Healthcare,First Aid,map,
Beauty & Personal Care,Medicines & Healthcare,Kids Healthcare,,Beauty & Personal Care,Medicines & Healthcare,Kids Healthcare,map,
Beauty & Personal Care,Medicines & Healthcare,Pain Relief,,Beauty & Personal Care,Medicines & Healthcare,Pain Relief,map,
Beauty & Personal Care,Men's Toiletries,Men's Blades & Razors,,Beauty & Personal Care,Men's Toiletries,Men's Blades & Razors,map,
Beauty & Personal Care,Men's Toiletries,Men's Deodorant & Body Sprays,,Beauty & Personal Care,Men's Toiletries,Men's Deodorant & Body Sprays,map,
Beauty & Personal Care,Men's Toiletries,Men's Hair & Body Products,,Beauty & Personal Care,Men's Toiletries,Men's Hair & Body Products,map,
Beauty & Personal Care,Men's Toiletries,"Shaving Foams, Gels & Oils",,Beauty & Personal Care,Men's Toiletries,"Shaving Foams, Gels & Oils",map,
Beauty & Personal Care,Men's Toiletries,Skincare,,Beauty & Personal Care,Men's Toiletries,Skincare,map,
Beauty & Personal Care,Oral Care,Denture Care,,Beauty & Personal Care,Oral Care,Denture Care,map,
Beauty & Personal Care,Oral Care,Floss & Dental Care,,Beauty & Personal Care,Oral Care,Floss & Dental Care,map,
Beauty & Personal Care,Oral Care,Mouthwash,,Beauty & Personal Care,Oral Care,Mouthwash,map,
Beauty & Personal Care,Oral Care,Toothbrushes,Electric,Beauty & Personal Care,Toothbrushes,Electric,map,
Beauty & Personal Care,Oral Care,Toothbrushes,Kids Brushes,Beauty & Personal Care,Toothbrushes,Kids Brushes,map,
Beauty & Personal Care,Oral Care,Toothbrushes,Toothbrushes,Beauty & Personal Care,Toothbrushes,Toothbrushes,map,
Beauty & Personal Care,Oral Care,Toothpaste,Kids Toothpaste,Beauty & Personal Care,Toothpaste,Kids Toothpaste,map,
Beauty & Personal Care,Oral Care,Toothpaste,Multi-benefit Toothpaste,Beauty & Personal Care,Toothpaste,Multi-benefit Toothpaste,map,
Beauty & Personal Care,Oral Care,Toothpaste,Regular Toothpaste,Beauty & Personal Care,Toothpaste,Regular Toothpaste,map,
Beauty & Personal Care,Oral Care,Toothpaste,Sensitive Toothpaste,Beauty & Personal Care,Toothpaste,Sensitive Toothpaste,map,
Beauty & Personal Care,Oral Care,Toothpaste,Whitening Toothpaste,Beauty & Personal Care,Toothpaste,Whitening Toothpaste,map,
Beauty & Personal Care,Skincare,Body Care,,Beauty & Personal Care,Skincare,Body Care,map,
Beauty & Personal Care,Skincare,Cotton Wool,,Beauty & Personal Care,Skincare,Cotton Wool,map,
Beauty & Personal Care,Skincare,Facial Skincare,Cleansers & Toners,Beauty & Personal Care,Facial Skincare,Cleansers & Toners,map,
Beauty & Personal Care,Skincare,Facial Skincare,Facial Wipes,Beauty & Personal Care,Facial Skincare,Facial Wipes,map,
Beauty & Personal Care,Skincare,Facial Skincare,Gel,Beauty & Personal Care,Facial Skincare,Gel,map,
Beauty & Personal Care,Skincare,Facial Skincare,Lip Care,Beauty & Personal Care,Facial Skincare,Lip Care,map,
Beauty & Personal Care,Skincare,Facial Skincare,Moisturisers & Masks,Beauty & Personal Care,Facial Skincare,Moisturisers & Masks,map,
Beauty & Personal Care,Skincare,Hand & Foot Care,,Beauty & Personal Care,Skincare,Hand & Foot Care,map,
Beauty & Personal Care,Skincare,Medicated Skincare,,Beauty & Personal Care,Skincare,Medicated Skincare,map,
Beauty & Personal Care,Skincare,Self Tan,,Beauty & Personal Care,Skincare,Self Tan,map,
Beauty & Personal Care,"Soap, Shower & Bath",Bath,,Beauty & Personal Care,"Soap, Shower & Bath",Bath,map,
Beauty & Personal Care,"Soap, Shower & Bath",Handwash & Soap,,Beauty & Personal Care,"Soap, Shower & Bath",Handwash & Soap,map,
Beauty & Personal Care,"Soap, Shower & Bath",Shower,,Beauty & Personal Care,"Soap, Shower & Bath",Shower,map,
Beauty & Personal Care,Sun Care,,,Beauty & Personal Care,Sun Care,,map,
Beauty & Personal Care,Women's Toiletries,Women's Blades & Razors,,Beauty & Personal Care,Women's Toiletries,Women's Blades & Razors,map,
Beauty & Personal Care,Women's Toiletries,Women's Deodorants & Body Sprays,Aerosols,Beauty & Personal Care,Women's Deodorants & Body Sprays,Aerosols,map,
Beauty & Personal Care,Women's Toiletries,Women's Deodorants & Body Sprays,Roll Ons,Beauty & Personal Care,Women's Deodorants & Body Sprays,Roll Ons,map,
Beauty & Personal Care,Women's Toiletries,Women's Deodorants & Body Sprays,Sticks,Beauty & Personal Care,Women's Deodorants & Body Sprays,Sticks,map,
Beauty & Personal Care,Women's Toiletries,Women's Hair Removal,,Beauty & Personal Care,Women's Toiletries,Women's Hair Removal,map,
Cheese,Cheddar,,,Cheese,Cheddar,,map,
Cheese,Cheeseboards & Selections,,,,,,dissolve,"mixed: cheese gift boxes, bake-in-box camembert/gouda party bites, flavoured cheddar"
Cheese,Continental & Speciality Cheese,,,,,,dissolve,"44-product bucket mixes genuine continental cheese with sheep/goat (manchego, ossau iraty -> Goats & Sheep Cheese) and blue (gorgonzola, roquefort, cashel blue). Per-item review: most stay Continental & Speciality, sheep/goat -> Goats & Sheep Cheese."
Cheese,Cooking Cheese,,,Cheese,Cooking Cheese,,map,
Cheese,Cottage & Cream Cheese,,,Cheese,Cottage & Cream Cheese,,map,
Cheese,Counter Cheese,Blue Cheese,,Cheese,Continental & Speciality Cheese,,map,counter/pre-pack split merged away; blue folded into speciality per owner's mandated survivor list
Cheese,Counter Cheese,Cheese Accompaniments,,Cheese,Cheese Accompaniments,,map,
Cheese,Counter Cheese,Flavoured & Speciality Cheese,,Cheese,Continental & Speciality Cheese,,map,
Cheese,Counter Cheese,Goats & Sheep Cheese,,Cheese,Goats & Sheep Cheese,,map,
Cheese,Counter Cheese,Hard Cheese,,,,,dissolve,"mixed: counter cheddar (Dubliner, Wexford, Cheese Mongers) plus gouda/edam/parmesan/red leicester/jarlsberg - splits between Cheddar and Continental & Speciality"
Cheese,Counter Cheese,Soft Cheese,,Cheese,Continental & Speciality Cheese,,map,~15/17 continental soft cheese; 2 quince-paste strays
Cheese,Goats & Sheep Cheese,,,Cheese,Goats & Sheep Cheese,,map,
Cheese,Grated & Sliced,,,Cheese,Grated & Sliced Cheese,,map,
Cheese,Irish Farmhouse,,,Cheese,Continental & Speciality Cheese,,map,single item (Allenwood smoked cheddar); farmhouse speciality
Cheese,Lactose & Dairy Free,,,,,,dissolve,is_dairy_free backfilled; vegan blocks/slices/spreads + lactose-free cheddar span Cheddar/Grated & Sliced/Processed/Continental
Cheese,"Singles, Spreads & Blocks",,,Cheese,Processed Cheese Slices & Spreads,,map,
Cheese,Snacking & Lunchbox,,,Cheese,Cheese Snacks & Lunchbox,,map,
Chilled Food,Party Foods,,,Chilled Food,Savouries & Snacks,Pies & Pastries,map,2 of 3 are vol-au-vents; 1 filo-prawn stray
Chilled Food,Pasta & Sauces,Pasta,,Chilled Food,Fresh Pasta & Sauces,Fresh Pasta,map,redundant middle level dropped; cross-dept with Food Cupboard pasta (A4)
Chilled Food,Pasta & Sauces,Sauces,,Chilled Food,Fresh Pasta & Sauces,Fresh Sauces,map,cross-dept with Food Cupboard Italian sauces (A4)
Chilled Food,Pizza & Garlic Bread,Garlic Bread,,Chilled Food,Pizza & Garlic Bread,Garlic Bread,map,
Chilled Food,Pizza & Garlic Bread,Pizza,,Chilled Food,Pizza & Garlic Bread,Chilled Pizza,map,cross-dept with Frozen pizza
Chilled Food,Pre-pack Sandwich,Standard,,Chilled Food,Pre-pack Sandwiches,Sandwiches,map,catch-all name replaced; all pre-packed sandwiches
Chilled Food,Pre-pack Sandwich,Wraps,,Chilled Food,Pre-pack Sandwiches,Wraps & Rolls,map,
Chilled Food,"Páté, Olives & Dips",Dips,,Chilled Food,"Páté, Olives & Dips",Dips,map,cross-dept with Food Cupboard snack dips (A4)
Chilled Food,"Páté, Olives & Dips",Hummus,,Chilled Food,"Páté, Olives & Dips",Hummus,map,
Chilled Food,"Páté, Olives & Dips",Olives,,Chilled Food,"Páté, Olives & Dips",Olives & Antipasti,map,cross-dept with Food Cupboard > Condiments > Olives (A4)
Chilled Food,"Páté, Olives & Dips",Pesto,,Chilled Food,"Páté, Olives & Dips",Fresh Pesto,map,cross-dept with Food Cupboard > Foods Of The World > Italian > Pesto (A4)
Chilled Food,"Páté, Olives & Dips",Páté,,Chilled Food,"Páté, Olives & Dips",Páté,map,
Chilled Food,"Páté, Olives & Dips",Tapenades,,Chilled Food,"Páté, Olives & Dips",Olives & Antipasti,map,2 items; olive-based spreads
Chilled Food,Ready Meals,Family Ready Meals,,Chilled Food,Ready Meals,Family Ready Meals,map,
Chilled Food,Ready Meals,Healthier,,Chilled Food,Ready Meals,Ready Meals For 1 & 2,map,"dissolve test applied: 24/24 chilled ready meals, benefit-claim name only - coherent bucket so mapped; recommend is_healthier flag"
Chilled Food,Ready Meals,Other Meals,,Chilled Food,Ready Meals,Ready Meals For 1 & 2,map,catch-all name; all single-serve Indian curries
Chilled Food,Ready Meals,Ready Meals For 1,,Chilled Food,Ready Meals,Ready Meals For 1 & 2,map,
Chilled Food,Ready Meals,Ready Meals For 2,,Chilled Food,Ready Meals,Ready Meals For 1 & 2,map,twin-serve consolidated with single-serve
Chilled Food,Ready Meals,Sides,,Chilled Food,Ready Meals,Side Dishes,map,
Chilled Food,Ready Meals,Sushi,,Chilled Food,Ready Meals,Sushi,map,
Chilled Food,Ready Meals,Vegetarian & Vegan Ready Meals,,,,,dissolve,mixed: veg ready meals + tofu + falafel + meat-free sausages + boxty + Quorn pieces; targets Ready Meals For 1 & 2 and Meat Alternatives
Chilled Food,Salads,Coleslaw,,Chilled Food,Salads,Coleslaw,map,
Chilled Food,Salads,Potato Salad,,Chilled Food,Salads,Potato Salad,map,
Chilled Food,Salads,Prepared Salads,,Chilled Food,Salads,Prepared Salads,map,receives A1 Deli Counter > Made In Store Salads
Chilled Food,Savouries & Snacks,Pies & Pastries,,Chilled Food,Savouries & Snacks,Pies & Pastries,map,
Chilled Food,Savouries & Snacks,Quiche,,Chilled Food,Savouries & Snacks,Quiche,map,
Chilled Food,Savouries & Snacks,Sausage Rolls,,Chilled Food,Savouries & Snacks,Sausage Rolls,map,
Chilled Food,Sliced Cooked Meats,Beef & Luncheon Meats,,Chilled Food,Sliced Cooked Meats,Beef & Luncheon Meats,map,receives A1 Deli Counter > Cooked Meats > Beef & Lucheon Meats [sic]
Chilled Food,Sliced Cooked Meats,Continental Meats,,Chilled Food,Sliced Cooked Meats,Continental Meats,map,receives A1 Deli Counter > Cooked Meats > Speciality
Chilled Food,Sliced Cooked Meats,Frankfurters & Hotdogs,,Chilled Food,Sliced Cooked Meats,Frankfurters & Hotdogs,map,
Chilled Food,Sliced Cooked Meats,Ham,,Chilled Food,Sliced Cooked Meats,Ham,map,receives A1 Deli Counter > Cooked Meats > Ham
Chilled Food,Sliced Cooked Meats,Poultry,,Chilled Food,Sliced Cooked Meats,Poultry,map,receives A1 Deli Counter > Cooked Meats > Poultry
Chilled Food,Snacking,Other Snacks,,Chilled Food,Snacking,Meat Snacks,map,"catch-all name; coherent - jerky, Peperami, chicken bites"
Chilled Food,Snacking,Single Serve Burgers & Grills,,Chilled Food,Snacking,Hot Snacks & Burgers,map,
Chilled Food,Soup,,,Chilled Food,Soup,,map,"cross-dept with Food Cupboard > Tins, Cans & Packets > Soups (A4)"
Chilled Food,Stuffing & Breadcrumbs,,,Chilled Food,Stuffing & Breadcrumbs,,map,"cross-dept with Food Cupboard > Packet Sauces, Stocks & Herbs > Stuffing & Breadcrumbs (A4)"
Deli Counter,Cooked Meats,Beef & Lucheon Meats,,Chilled Food,Sliced Cooked Meats,Beef & Luncheon Meats,map,"A2 owns destination; left-side keeps 'Lucheon' typo, right-side corrected to 'Luncheon'. Consolidation pass must confirm A2 leaf name survives."
Deli Counter,Cooked Meats,Ham,,Chilled Food,Sliced Cooked Meats,Ham,map,A2 owns destination; duplicates Chilled Food > Sliced Cooked Meats > Ham. Confirm leaf name.
Deli Counter,Cooked Meats,Poultry,,Chilled Food,Sliced Cooked Meats,Poultry,map,A2 owns destination. Confirm leaf name.
Deli Counter,Cooked Meats,Speciality,,Chilled Food,Sliced Cooked Meats,Continental Meats,map,"A2 owns destination. Partial fit: chorizo/serrano fit Continental Meats, but ox tongue and 'blacky ham' do not - A2 may prefer to split or dissolve."
Deli Counter,Made In Store Salads,,,Chilled Food,Salads,Prepared Salads,map,A2 owns destination; duplicates Chilled Food > Salads. Confirm leaf name.
Drinks,Health,,,,,,dissolve,benefit-claim name; 3 vit-hit functional drinks -> individually to Juice>Other Fruit Juice / Water>Flavoured; cross-dept Health & Wellness (A6)
Drinks,Iced Tea,,,Drinks,Soft Drinks,Iced Tea,map,
Drinks,Juice,Chill & Long Life Juice,Apple Juice,Drinks,Juice,Apple Juice,map,
Drinks,Juice,Chill & Long Life Juice,Coconut Water,Drinks,Juice,Coconut Water,map,
Drinks,Juice,Chill & Long Life Juice,Cranberry Juice,Drinks,Juice,Cranberry Juice,map,
Drinks,Juice,Chill & Long Life Juice,Orange Juice,Drinks,Juice,Orange Juice,map,
Drinks,Juice,Chill & Long Life Juice,Other Fruit Juice,Drinks,Juice,Other Fruit Juice,map,
Drinks,Juice,Chill & Long Life Juice,Prune Juice,Drinks,Juice,Other Fruit Juice,map,prune juice folded into Other Fruit Juice (2 products)
Drinks,Juice,Chill & Long Life Juice,Tropical & Mixed Fruit,Drinks,Juice,Other Fruit Juice,map,
Drinks,Juice,Chill & Long Life Juice,Vegetable Juice,Drinks,Juice,Vegetable Juice,map,
Drinks,Juice,Freshly Squeezed Juice,Apple Juice,Drinks,Juice,Apple Juice,map,chill/fresh format split dropped
Drinks,Juice,Freshly Squeezed Juice,Other Fruit Juice,Drinks,Juice,Other Fruit Juice,map,chill/fresh format split dropped
Drinks,Kids,,,Drinks,Kids Drinks,,map,
Drinks,Mixers,,,Drinks,Mixers,,map,"cross-dept: mixers also relevant to Wine, Beer & Spirits shoppers"
Drinks,Smoothies,,,Drinks,Juice,Smoothies,map,includes health/ginger/turmeric shots; cross-dept Health & Wellness (A6)
Drinks,Soft Drinks,Adult Drinks,,,,,dissolve,"marketing name; grab-bag of premium presses, kombucha, water kefir, iced coffee, gut sodas, matcha energy -> split to Adult Soft Drinks & Presses / Kombucha & Fermented Drinks / Iced Coffee / Sports & Energy Drinks"
Drinks,Soft Drinks,Dilutes & Cordials,,Drinks,Squash & Cordials,,map,
Drinks,Soft Drinks,Fizzy Drinks,Cola Bottles,Drinks,Soft Drinks,Cola,map,bottle/can format split dropped
Drinks,Soft Drinks,Fizzy Drinks,Cola Cans,Drinks,Soft Drinks,Cola,map,
Drinks,Soft Drinks,Fizzy Drinks,Lemon & Lime Bottles,Drinks,Soft Drinks,Lemonade & Lemon-Lime,map,
Drinks,Soft Drinks,Fizzy Drinks,Lemon & Lime Cans,Drinks,Soft Drinks,Lemonade & Lemon-Lime,map,
Drinks,Soft Drinks,Fizzy Drinks,Multipack,,,,dissolve,packaging bucket; ~82 mixed-flavour fizzy multipacks -> individually to Cola / Orange / Lemonade & Lemon-Lime / Other & Mixed Fizzy Drinks
Drinks,Soft Drinks,Fizzy Drinks,Orange Bottles,Drinks,Soft Drinks,Orange,map,
Drinks,Soft Drinks,Fizzy Drinks,Orange Cans,Drinks,Soft Drinks,Orange,map,
Drinks,Soft Drinks,Fizzy Drinks,Other Cans,Drinks,Soft Drinks,Other & Mixed Fizzy Drinks,map,brief said dissolve; kept as coherent 'other flavoured fizzy soft drink' leaf
Drinks,Soft Drinks,Fizzy Drinks,Other Flavours,Drinks,Soft Drinks,Other & Mixed Fizzy Drinks,map,"brief said dissolve; kept as coherent 'other flavoured fizzy soft drink' leaf (cidona, irn-bru, ginger beer, shandy)"
Drinks,Soft Drinks,Sports & Energy Drinks,,Drinks,Soft Drinks,Sports & Energy Drinks,map,
Drinks,Water,Flavoured,,Drinks,Water,Flavoured,map,
Drinks,Water,Other,,Drinks,Juice,Coconut Water,map,all products are Vita Coco coconut water
Drinks,Water,Sparkling,,Drinks,Water,Sparkling,map,
Drinks,Water,Still,,Drinks,Water,Still,map,
Fish & Seafood,Fish Counter,,,,,,dissolve,"Mixed loose fresh fish + shellfish. Splits per item across Fresh Fish > Salmon & Trout / White Fish / Whole & Oily Fish and Shellfish & Seafood > Prawns, Crab & Shellfish."
Fish & Seafood,Prepack Fresh Fish,,,,,,dissolve,"Bare bucket (no category_3), sibling of the three above. Mix of plain and marinated salmon darnes, tuna steaks, sea bass, seafood mix. Splits across Fresh Fish > Salmon & Trout / White Fish / Whole & Oily Fish, Shellfish & Seafood > Prawns, Crab & Shellfish, and Prepared Fish > Marinated & Ready-to-Cook Fish."
Fish & Seafood,Prepack Fresh Fish,Breaded Fish & Fish Cakes,,Fish & Seafood,Prepared Fish,Breaded Fish & Fishcakes,map,"Coherent: breaded/battered fish, fishcakes, goujons, bites, kievs."
Fish & Seafood,Prepack Fresh Fish,Prawns & Shellfish,,Fish & Seafood,Shellfish & Seafood,"Prawns, Crab & Shellfish",map,Mostly prawns/crab/mussels; 2-3 'salmon/tuna sensation' mousse items are misfiled and would suit a pate/spread bucket.
Fish & Seafood,Prepack Fresh Fish,Smoked & Ready To Eat Fish,,Fish & Seafood,Smoked Fish,Smoked & Ready-to-Eat Fish,map,Smoked salmon/mackerel/kippers plus fish pate and seafood sticks - all ready-to-eat.
Fish & Seafood,Prepared By Our Fishmonger,,,Fish & Seafood,Prepared Fish,Breaded Fish & Fishcakes,map,"All coated/crumbed prepared fresh fish and fishcakes; 2 items (smoked seafood gratin, white fish and salmon bake) are borderline ready-meal (A2)."
Food Cupboard,Biscuits,Crackers & Savoury Biscuits,,Food Cupboard,Biscuits,"Crackers, Crispbreads & Rice Cakes",map,"coherent: crackers, crispbreads, water biscuits, breadsticks"
Food Cupboard,Biscuits,Everyday Biscuits,,Food Cupboard,Biscuits,Sweet Biscuits & Cookies,map,'Everyday' marketing framing dropped; contents are all sweet biscuits/cookies/creams/digestives/wafers
Food Cupboard,Biscuits,Healthier & Breakfast Biscuits,,,,,dissolve,"mixed bag: breakfast biscuits (Belvita), flapjacks, and cereal/snack bars (Nature Valley, Go Ahead, Fibre One) - split between Breakfast Biscuits / Cereal Bars"
Food Cupboard,Biscuits,Luxury Biscuits & Shortbread,,Food Cupboard,Biscuits,Sweet Biscuits & Cookies,map,"'Luxury' tier dissolved; contents are cookies, shortbread, mikado, ladyfingers = sweet biscuits"
Food Cupboard,Biscuits,Multipacks & Kids Biscuits,,Food Cupboard,Biscuits,Sweet Biscuits & Cookies,map,"'Multipack'/'Kids' are packaging/segment; contents (party rings, jammie dodgers, wagon wheels, toffeepops) are sweet biscuits"
Food Cupboard,Breakfast Cereals,Cereal Bars,,Food Cupboard,Breakfast Cereals,Cereal Bars,map,coherent
Food Cupboard,Breakfast Cereals,Cereals,,Food Cupboard,Breakfast Cereals,Cereals,map,flaked/wheat breakfast cereals
Food Cupboard,Breakfast Cereals,Family Cereals,,Food Cupboard,Breakfast Cereals,Cereals,map,'Family' is a shopper segment; near-duplicate of Cereals - merged
Food Cupboard,Breakfast Cereals,Healthier Cereals,,,,,dissolve,'Healthier' marketing tier; genuinely mixed - granola (->Muesli & Granola) plus bran/fibre/Special K flake cereals (->Cereals)
Food Cupboard,Breakfast Cereals,Muesli & Granola,,Food Cupboard,Breakfast Cereals,Muesli & Granola,map,coherent
Food Cupboard,Breakfast Cereals,Porridge & Oats,,Food Cupboard,Breakfast Cereals,Porridge & Oats,map,coherent
Food Cupboard,Chocolate & Sweets,Boxed Chocolates & Gifts,,Food Cupboard,Chocolate & Sweets,Boxed Chocolates,map,coherent
Food Cupboard,Chocolate & Sweets,Chocolate Bars,,Food Cupboard,Chocolate & Sweets,Chocolate Bars,map,coherent (largest leaf)
Food Cupboard,Chocolate & Sweets,Chocolate Pouches & Bags,,Food Cupboard,Chocolate & Sweets,Chocolate Bags & Pouches,map,format is the identity: sharing bags / pouches of chocolate
Food Cupboard,Chocolate & Sweets,Gum,,Food Cupboard,Chocolate & Sweets,Chewing Gum,map,coherent
Food Cupboard,Chocolate & Sweets,Mints,,Food Cupboard,Chocolate & Sweets,Mints & Lozenges,map,"mints, lozenges, cough sweets"
Food Cupboard,Chocolate & Sweets,Seasonal,,,,,dissolve,"seasonal marketing bin: boxed chocolates, sweet bags, novelties, truffles all mixed - real type varies"
Food Cupboard,Chocolate & Sweets,Sweets,,Food Cupboard,Chocolate & Sweets,Sweets & Confectionery,map,coherent
Food Cupboard,Coffee,Accessories,,Food Cupboard,Coffee,Coffee Filters & Accessories,map,melitta filters etc (1-2 SKUs)
Food Cupboard,Coffee,Coffee Pods & Capsules,,Food Cupboard,Coffee,Coffee Pods & Capsules,map,coherent
Food Cupboard,Coffee,Coffee Sachets,,Food Cupboard,Coffee,Instant Coffee Sachets & Mixes,map,instant cappuccino/latte/mocha sachets
Food Cupboard,Coffee,Decaf Instant Coffee,,Food Cupboard,Coffee,Instant Coffee,map,'Decaf' is an attribute - merged into Instant Coffee (recommend an is_decaf flag)
Food Cupboard,Coffee,Instant Coffee,,Food Cupboard,Coffee,Instant Coffee,map,coherent
Food Cupboard,Coffee,Roast & Ground,,Food Cupboard,Coffee,Ground Coffee & Beans,map,ground coffee and whole beans
Food Cupboard,Condiments & Table Sauces,Bbq & Other Flavoured Sauces,,Food Cupboard,Condiments & Table Sauces,BBQ & Hot Sauces,map,"bbq sauces, hot sauces, wing sauces"
Food Cupboard,Condiments & Table Sauces,Chutney & Relish,,Food Cupboard,Condiments & Table Sauces,Chutney & Relish,map,coherent
Food Cupboard,Condiments & Table Sauces,Condiment Sauces,,Food Cupboard,Condiments & Table Sauces,Condiment Sauces,map,"accompaniment sauces: cranberry, mint, apple, horseradish, tartare"
Food Cupboard,Condiments & Table Sauces,Dressings,,Food Cupboard,Condiments & Table Sauces,Salad Dressings,map,salad dressings - COLLISION with Fruit & Veg > Salads > Salad Dressing (A3)
Food Cupboard,Condiments & Table Sauces,Ketchup & Brown Sauce,,Food Cupboard,Condiments & Table Sauces,Ketchup & Brown Sauce,map,coherent
Food Cupboard,Condiments & Table Sauces,Marinades,,Food Cupboard,Condiments & Table Sauces,Marinades,map,"bbq marinades, peri peri marinades"
Food Cupboard,Condiments & Table Sauces,Mayonnaise & Salad Cream,,Food Cupboard,Condiments & Table Sauces,Mayonnaise & Salad Cream,map,coherent (incl. flavoured mayo)
Food Cupboard,Condiments & Table Sauces,Mustard,,Food Cupboard,Condiments & Table Sauces,Mustard,map,coherent
Food Cupboard,Condiments & Table Sauces,Olives,,Food Cupboard,Condiments & Table Sauces,Olives & Capers,map,"ambient jarred olives + capers - COLLISION with Chilled Food > Pate, Olives & Dips > Olives (A2)"
Food Cupboard,Condiments & Table Sauces,Pickles,,Food Cupboard,Condiments & Table Sauces,Pickles & Fermented Foods,map,"pickles, piccalilli, jarred/tinned beetroot"
Food Cupboard,Condiments & Table Sauces,Vinegar,,Food Cupboard,Condiments & Table Sauces,Vinegar,map,coherent
Food Cupboard,"Crisps, Snacks, Nuts & Popcorn",Crisps & Snacks,,Food Cupboard,"Crisps, Snacks, Nuts & Popcorn",Crisps & Snacks,map,coherent
Food Cupboard,"Crisps, Snacks, Nuts & Popcorn",Dips,,Food Cupboard,"Crisps, Snacks, Nuts & Popcorn",Dips & Salsa,map,"ambient salsa/dips (3 SKUs) - COLLISION with Chilled Food > Pate, Olives & Dips > Dips (A2)"
Food Cupboard,"Crisps, Snacks, Nuts & Popcorn",Multipack,,Food Cupboard,"Crisps, Snacks, Nuts & Popcorn",Crisps & Snacks,map,'Multipack' is packaging; contents are crisps - merged
Food Cupboard,"Crisps, Snacks, Nuts & Popcorn",Nuts & Fruit,,Food Cupboard,"Crisps, Snacks, Nuts & Popcorn",Snacking Nuts & Dried Fruit,map,"snacking nuts, chocolate nuts, trail mix - COLLISION with Health & Wellness > Nuts, Seeds & Dried Fruit (A6)"
Food Cupboard,"Crisps, Snacks, Nuts & Popcorn",Popcorn,,Food Cupboard,"Crisps, Snacks, Nuts & Popcorn",Popcorn,map,coherent
Food Cupboard,Desserts & Sundries,Cones & Wafers,,Food Cupboard,Desserts & Sundries,Ice Cream Cones & Wafers,map,coherent
Food Cupboard,Desserts & Sundries,Custard & Custard Pots,,Food Cupboard,Desserts & Sundries,Custard,map,"custard powder, ready-to-serve, custard pots"
Food Cupboard,Desserts & Sundries,Dessert Pots,,,,,dissolve,"mixed: Ambrosia custard pots + rice pudding pots (7 SKUs, ~4/3 split)"
Food Cupboard,Desserts & Sundries,Dessert Sauces & Toppings,,Food Cupboard,Desserts & Sundries,Dessert Sauces & Toppings,map,"maple syrup, caramel/chocolate sauce, squirty cream, dessert toppings"
Food Cupboard,Desserts & Sundries,Jelly & Jelly Pots,,Food Cupboard,Desserts & Sundries,Jelly,map,jelly blocks and jelly pots
Food Cupboard,Desserts & Sundries,Rice Pudding & Rice Pots,,Food Cupboard,Desserts & Sundries,Rice Pudding & Semolina,map,"rice pudding, semolina, tapioca, pearl rice (mostly coherent; a few custard pots present)"
Food Cupboard,Foods Of The World,Asian,Accompaniments,Food Cupboard,Asian,Cooking Sauces & Ingredients,map,"soy sauce, coconut milk, stir-fry sauces, sweet chilli, hoisin, oyster - merged with Asian Sauces"
Food Cupboard,Foods Of The World,Asian,Asian Sauces,Food Cupboard,Asian,Cooking Sauces & Ingredients,map,stir-fry / curry / sweet & sour sauces
Food Cupboard,Foods Of The World,Indian,Accompaniments,Food Cupboard,Indian,Chutneys & Pickles,map,mango chutney (4 SKUs)
Food Cupboard,Foods Of The World,Indian,Indian Sauces,Food Cupboard,Indian,Cooking Sauces,map,jarred curry cooking sauces
Food Cupboard,Foods Of The World,Indian,Indian Spices,Food Cupboard,Indian,Spice Blends,map,curry spice blends & sachets
Food Cupboard,Foods Of The World,Indian,Naan Bread & Poppadoms,Food Cupboard,Indian,Breads & Poppadoms,map,"naan, poppadoms - COLLISION with Bakery > Bread > Bake At Home, Naan, Pitta"
Food Cupboard,Foods Of The World,Indian,Pastes,Food Cupboard,Indian,Curry Pastes,map,coherent
Food Cupboard,Foods Of The World,Italian,Accompaniments,Food Cupboard,Italian,Antipasti & Sundried Tomatoes,map,"antipasti in oil, sundried tomatoes, pasta cheese powder"
Food Cupboard,Foods Of The World,Italian,Italian Sauces,Food Cupboard,Italian,Pasta & Cooking Sauces,map,"pasta sauces, bolognese, pizza sauce"
Food Cupboard,Foods Of The World,Italian,Pesto,Food Cupboard,Italian,Pesto,map,"coherent - COLLISION with Chilled Food > Pate, Olives & Dips > Pesto (A2)"
Food Cupboard,Foods Of The World,Italian,Premium Italian,,,,dissolve,"marketing tier (88 SKUs); every product type has a target: pasta->Rice Pasta & Noodles>Pasta, sauces->Italian>Pasta & Cooking Sauces, passata/tomatoes->Tinned Tomatoes, olive oil->Oils>Olive Oil, tinned tuna->Tinned Fish>Tuna, rice/risotto->Rice Pasta & Noodles>Rice & Grains, breadsticks->Biscuits>Crackers, Crispbreads & Rice Cakes, balsamic->Condiments>Vinegar, porcini->Packet Sauces>Herbs & Spices"
Food Cupboard,Foods Of The World,Japanese,,Food Cupboard,Japanese,Cooking Sauces & Ingredients,map,"soy, mirin, panko, sushi rice, wasabi, teriyaki, noodles - coherent single Japanese-cooking bucket (no c4 in raw)"
Food Cupboard,Foods Of The World,Mexican,Accompaniments,Food Cupboard,Mexican,"Salsa, Beans & Sides",map,"salsa, jalapenos, refried beans, tortilla chips, guacamole (tortilla chips overlap Crisps & Snacks)"
Food Cupboard,Foods Of The World,Mexican,Mexican Meal Kits,Food Cupboard,Mexican,Meal Kits,map,fajita/taco/enchilada kits
Food Cupboard,Foods Of The World,Mexican,Mexican Sauces,Food Cupboard,Mexican,Cooking Sauces,map,chilli con carne / fajita / enchilada sauces
Food Cupboard,Foods Of The World,Mexican,Mexican Seasoning Mixes,Food Cupboard,Mexican,Seasoning Mixes,map,taco/fajita seasoning sachets
Food Cupboard,Foods Of The World,Mexican,Mexican Tortillas & Tacos,Food Cupboard,Mexican,Tortillas & Taco Shells,map,"wraps, tortillas, taco shells"
Food Cupboard,Foods Of The World,Tastes Of The World,,,,,dissolve,"catch-all (3 SKUs): tahini, harissa paste, hoisin/garlic stir-fry sauce - no coherent type"
Food Cupboard,Foods Of The World,Thai,Pastes,Food Cupboard,Thai,Curry Pastes,map,green/red/yellow/massaman curry pastes
Food Cupboard,Foods Of The World,Thai,Thai Meal Kits,Food Cupboard,Thai,Meal Kits,map,1 SKU; kept under cuisine for consistency
Food Cupboard,Foods Of The World,Thai,Thai Sauces,Food Cupboard,Thai,Cooking Sauces & Ingredients,map,"fish sauce, soy, sriracha, curry sauce, coconut milk"
Food Cupboard,Home Baking,Baking Decorations,,Food Cupboard,Home Baking,Baking Decorations,map,"sprinkles, cases, writing icing, cake boards"
Food Cupboard,Home Baking,Baking Ingredients,,Food Cupboard,Home Baking,Baking Ingredients,map,"yeast, raising agents, vanilla, suet, essences"
Food Cupboard,Home Baking,Baking Nuts & Seeds,,Food Cupboard,Home Baking,Baking Nuts & Seeds,map,"ground/flaked/whole almonds, walnuts - COLLISION with Health & Wellness > Nuts, Seeds & Dried Fruit (A6)"
Food Cupboard,Home Baking,Cooking Chocolate,,Food Cupboard,Home Baking,Cooking Chocolate & Cocoa,map,"choc chips/chunks, cocoa powder"
Food Cupboard,Home Baking,Dried Fruit,,Food Cupboard,Home Baking,Baking Dried Fruit,map,"raisins, sultanas, currants, glace cherries, mixed peel - COLLISION with Home Baking naming & Health & Wellness > ... > Dried Fruit (A6)"
Food Cupboard,Home Baking,Flour,,Food Cupboard,Home Baking,Flour,map,coherent
Food Cupboard,Home Baking,Homebaking Mixes,,Food Cupboard,Home Baking,Cake & Dessert Mixes,map,cake/brownie/cookie/muffin mixes
Food Cupboard,Home Baking,Icing Sugar,,Food Cupboard,Home Baking,Icing & Frosting,map,"DELIBERATE RENAME: bucket is ready-made icing/frosting/cake covering, NOT icing sugar - resolves clash with Sugar > Icing Sugar"
Food Cupboard,Hot Drinks,,,Food Cupboard,Hot Drinks,Hot Chocolate & Malted Drinks,map,"hot chocolate, cocoa, Ovaltine, milkshake mix (Marvel dried milk & Nesquik shake mix are minor impurities, 9 SKUs total)"
Food Cupboard,"Jams, Honey & Spreads",Chocolate Spreads,,Food Cupboard,"Jams, Honey & Spreads",Chocolate & Nut Spreads,map,"Nutella, Biscoff, chocolate/hazelnut spreads"
Food Cupboard,"Jams, Honey & Spreads",Honey,,Food Cupboard,"Jams, Honey & Spreads",Honey,map,coherent
Food Cupboard,"Jams, Honey & Spreads",Jams,,Food Cupboard,"Jams, Honey & Spreads",Jams & Preserves,map,coherent
Food Cupboard,"Jams, Honey & Spreads",Marmalades,,Food Cupboard,"Jams, Honey & Spreads",Marmalade,map,coherent
Food Cupboard,"Jams, Honey & Spreads",Marmite & Yeast Extracts,,Food Cupboard,"Jams, Honey & Spreads",Marmite & Yeast Extract,map,1 SKU
Food Cupboard,"Jams, Honey & Spreads",Peanut Butter,,Food Cupboard,"Jams, Honey & Spreads",Nut Butters & Tahini,map,coherent
Food Cupboard,Oils,Cooking Fats,,Food Cupboard,Oils,Cooking Fats,map,goose/duck fat
Food Cupboard,Oils,Cooking Oil,,Food Cupboard,Oils,Cooking & Vegetable Oil,map,"sunflower/vegetable/rapeseed oil, 1-cal sprays"
Food Cupboard,Oils,Olive Oil,,Food Cupboard,Oils,Olive Oil,map,coherent
Food Cupboard,Oils,Seed & Nut Oil,,Food Cupboard,Oils,Seed & Nut Oil,map,"sesame, coconut, groundnut, flavoured rapeseed oil"
Food Cupboard,"Packet Sauces, Stocks & Herbs",Dry Packet Sauces,,Food Cupboard,"Packet Sauces, Stocks & Herbs",Recipe Mixes & Packet Sauces,map,"recipe mixes, dry sauce/casserole mixes"
Food Cupboard,"Packet Sauces, Stocks & Herbs",Gravy & Stock,,Food Cupboard,"Packet Sauces, Stocks & Herbs",Gravy & Stock,map,"gravy granules, stock cubes/pots"
Food Cupboard,"Packet Sauces, Stocks & Herbs",Herbs & Spices,,Food Cupboard,"Packet Sauces, Stocks & Herbs",Herbs & Spices,map,coherent
Food Cupboard,"Packet Sauces, Stocks & Herbs",Salt & Pepper,,Food Cupboard,"Packet Sauces, Stocks & Herbs",Salt & Pepper,map,coherent
Food Cupboard,"Packet Sauces, Stocks & Herbs",Stuffing & Breadcrumbs,,Food Cupboard,"Packet Sauces, Stocks & Herbs",Stuffing & Breadcrumbs,map,Paxo (3 SKUs) - COLLISION with Chilled Food > Stuffing & Breadcrumbs (A2)
Food Cupboard,"Rice, Pasta & Noodles",Noodles,,Food Cupboard,"Rice, Pasta & Noodles",Noodles,map,dried egg/rice/udon/wok noodles
Food Cupboard,"Rice, Pasta & Noodles",Pasta,,Food Cupboard,"Rice, Pasta & Noodles",Pasta,map,dried pasta
Food Cupboard,"Rice, Pasta & Noodles",Rice,,Food Cupboard,"Rice, Pasta & Noodles",Rice & Grains,map,dried/microwave rice; 'Grains' added to home polenta/couscous from the Premium Italian dissolve
Food Cupboard,Sugar,Brown Sugar,,Food Cupboard,Sugar,Brown Sugar,map,coherent
Food Cupboard,Sugar,Caster Sugar,,Food Cupboard,Sugar,Caster Sugar,map,coherent
Food Cupboard,Sugar,Granulated Sugar,,Food Cupboard,Sugar,Granulated Sugar,map,coherent (incl. jam sugar)
Food Cupboard,Sugar,Icing Sugar,,Food Cupboard,Sugar,Icing Sugar,map,actual icing sugar + royal icing
Food Cupboard,Sugar,Sweetners,,Food Cupboard,Sugar,Sweeteners,map,"typo fixed; table sweeteners, stevia, agave/coconut sugar"
Food Cupboard,Tea,Decaffeinated,,Food Cupboard,Tea,Tea Bags,map,'Decaf' is an attribute - merged into Tea Bags (recommend an is_decaf flag)
Food Cupboard,Tea,"Green, Fruit & Herbal Tea",,Food Cupboard,Tea,"Green, Fruit & Herbal Tea",map,coherent
Food Cupboard,Tea,Loose Leaf Tea,,Food Cupboard,Tea,Loose Leaf Tea,map,coherent
Food Cupboard,Tea,Speciality Tea,,Food Cupboard,Tea,Speciality Tea,map,"borderline: rooibos, matcha, earl grey, white tea - distinct teas, kept as its own leaf"
Food Cupboard,Tea,Tea Bags,,Food Cupboard,Tea,Tea Bags,map,coherent (standard black tea bags)
Food Cupboard,"Tins, Cans & Packets",Baked Beans,,Food Cupboard,Tinned & Packet Foods,Baked Beans,map,coherent
Food Cupboard,"Tins, Cans & Packets",Beans & Pulses,,Food Cupboard,Tinned & Packet Foods,Beans & Pulses,map,"tinned chickpeas, kidney/black/butter beans, lentils"
Food Cupboard,"Tins, Cans & Packets",Canned Fruit,,Food Cupboard,Tinned & Packet Foods,Tinned Fruit,map,coherent
Food Cupboard,"Tins, Cans & Packets",Dried Veg,,Food Cupboard,Tinned & Packet Foods,Dried & Marrowfat Peas,map,dried marrowfat peas + instant mash (8 SKUs)
Food Cupboard,"Tins, Cans & Packets",Fish,Salmon,Food Cupboard,Tinned Fish,Salmon,map,c4 is the product type; c3 'Fish' dropped
Food Cupboard,"Tins, Cans & Packets",Fish,"Sardines, Mackerel & Other Fish",Food Cupboard,Tinned Fish,"Sardines, Mackerel & Anchovies",map,c3 'Fish' dropped
Food Cupboard,"Tins, Cans & Packets",Fish,Tuna,Food Cupboard,Tinned Fish,Tuna,map,c3 'Fish' dropped
Food Cupboard,"Tins, Cans & Packets",Instant Hot Snacks,Noodle,Food Cupboard,Instant Hot Snacks,Instant Noodles,map,c3 middle level dropped
Food Cupboard,"Tins, Cans & Packets",Instant Hot Snacks,Pasta,Food Cupboard,Instant Hot Snacks,Instant Pasta,map,c3 middle level dropped (Dolmio/Ben's pots)
Food Cupboard,"Tins, Cans & Packets",Instant Hot Snacks,Pot Noodle,Food Cupboard,Instant Hot Snacks,Pot Noodles,map,c3 middle level dropped
Food Cupboard,"Tins, Cans & Packets",Instant Hot Snacks,Rice,Food Cupboard,Instant Hot Snacks,Instant Rice,map,c3 middle level dropped (3 SKUs)
Food Cupboard,"Tins, Cans & Packets",Meat,,Food Cupboard,Tinned & Packet Foods,Tinned Meat & Meat Meals,map,OVERRIDING the explicit instruction to dissolve: all 6 SKUs are Fray Bentos tinned meat/pies/meatballs and 'Meat' does answer 'what is this product'. Consolidation pass may reverse.
Food Cupboard,"Tins, Cans & Packets",Other,,,,,dissolve,"catch-all (3 SKUs): artichoke hearts, cooked chestnuts, jarred green beans"
Food Cupboard,"Tins, Cans & Packets","Peas, Carrots & Corn",,Food Cupboard,Tinned & Packet Foods,Tinned Vegetables,map,"tinned peas, carrots, sweetcorn, mixed veg, potatoes"
Food Cupboard,"Tins, Cans & Packets",Soups,Cup & Instant,Food Cupboard,Tinned Soup,Cup Soup,map,c3 middle level dropped
Food Cupboard,"Tins, Cans & Packets",Soups,Packets,Food Cupboard,Tinned Soup,Packet Soup,map,c3 middle level dropped - COLLISION with Chilled Food > Soup (A2)
Food Cupboard,"Tins, Cans & Packets",Soups,Ready To Heat,Food Cupboard,Tinned Soup,Tinned Soup,map,c3 middle level dropped; ready-to-heat cans/cartons - COLLISION with Chilled Food > Soup (A2)
Food Cupboard,"Tins, Cans & Packets",Spaghetti & Pasta,,Food Cupboard,Tinned & Packet Foods,Tinned Pasta,map,tinned spaghetti hoops / pasta shapes
Food Cupboard,"Tins, Cans & Packets","Tomatoes, Passatas & Purée",Passatas,Food Cupboard,Tinned Tomatoes,Passata,map,c3 middle level dropped
Food Cupboard,"Tins, Cans & Packets","Tomatoes, Passatas & Purée",Purée,Food Cupboard,Tinned Tomatoes,Tomato Purée,map,c3 middle level dropped
Food Cupboard,"Tins, Cans & Packets","Tomatoes, Passatas & Purée",Tomatoes,Food Cupboard,Tinned Tomatoes,Chopped & Whole Tomatoes,map,c3 middle level dropped
Frozen Foods,Frozen Burgers & Sausages,Burgers,,Frozen Foods,Frozen Burgers & Sausages,Burgers,map,
Frozen Foods,Frozen Burgers & Sausages,Sausages,,Frozen Foods,Frozen Burgers & Sausages,Sausages,map,
Frozen Foods,"Frozen Chips, Potato & Onion Rings",Croquettes & Hash Browns,,Frozen Foods,Frozen Chips & Potato Products,Croquettes & Hash Browns,map,
Frozen Foods,"Frozen Chips, Potato & Onion Rings",Frozen Chips,,Frozen Foods,Frozen Chips & Potato Products,Chips & Fries,map,
Frozen Foods,"Frozen Chips, Potato & Onion Rings",Other,,Frozen Foods,Frozen Chips & Potato Products,"Potato Shapes, Bites & Onion Rings",map,"coherent: potato smiles/bites/cubes, jacket potatoes, crispy slices, onion rings"
Frozen Foods,"Frozen Chips, Potato & Onion Rings",Potato Waffles,,Frozen Foods,Frozen Chips & Potato Products,Potato Waffles,map,
Frozen Foods,"Frozen Chips, Potato & Onion Rings",Roast Potatoes,,Frozen Foods,Frozen Chips & Potato Products,Roast Potatoes,map,
Frozen Foods,"Frozen Chips, Potato & Onion Rings",Wedges,,Frozen Foods,Frozen Chips & Potato Products,Wedges,map,
Frozen Foods,Frozen Fish & Seafood,Battered Fillets & Steaks,,Frozen Foods,Frozen Fish & Seafood,Battered Fish,map,
Frozen Foods,Frozen Fish & Seafood,Breaded Fillets & Steaks,,Frozen Foods,Frozen Fish & Seafood,Breaded Fish,map,
Frozen Foods,Frozen Fish & Seafood,Fish Cakes,,Frozen Foods,Frozen Fish & Seafood,Fish Cakes,map,
Frozen Foods,Frozen Fish & Seafood,Fish Fingers,,Frozen Foods,Frozen Fish & Seafood,Fish Fingers,map,
Frozen Foods,Frozen Fish & Seafood,Other,,Frozen Foods,Frozen Fish & Seafood,"Salmon, Prawns & Seafood",map,1 product: marinated salmon fillets
Frozen Foods,Frozen Fish & Seafood,Prawns & Seafood,,Frozen Foods,Frozen Fish & Seafood,"Salmon, Prawns & Seafood",map,also contains plain/marinated salmon fillets & darnes
Frozen Foods,Frozen Meals,Frozen Meals,,Frozen Foods,Frozen Ready Meals,,map,
Frozen Foods,"Frozen Pastry, Pies & Savouries",Baking Pastry,,Frozen Foods,"Frozen Pastry, Pies & Savouries",Pastry Sheets & Blocks,map,
Frozen Foods,"Frozen Pastry, Pies & Savouries",Pies,,Frozen Foods,"Frozen Pastry, Pies & Savouries",Savoury Pastries & Snacks,map,"mislabelled: jambons, mozzarella sticks, gyoza - no actual pies"
Frozen Foods,"Frozen Pastry, Pies & Savouries",Sausage Rolls,,Frozen Foods,"Frozen Pastry, Pies & Savouries",Sausage Rolls,map,
Frozen Foods,"Frozen Pastry, Pies & Savouries",Yorkshire Puddings,,Frozen Foods,"Frozen Pastry, Pies & Savouries",Yorkshire Puddings,map,
Frozen Foods,"Frozen Pizza, Garlic Bread & Party",Breads,,,,,dissolve,"mixed: garlic bread/baguettes/toasties + frozen croissants/pains au chocolat + soda bread; garlic items -> Garlic Bread, pastries & soda bread -> Bakery (cross-dept)"
Frozen Foods,"Frozen Pizza, Garlic Bread & Party",Deep Pan,,Frozen Foods,Frozen Pizza & Garlic Bread,Deep Pan Pizza,map,
Frozen Foods,"Frozen Pizza, Garlic Bread & Party",Party Foods,,Frozen Foods,Frozen Pizza & Garlic Bread,Party Food & Snacks,map,
Frozen Foods,"Frozen Pizza, Garlic Bread & Party",Snacking,,Frozen Foods,Frozen Pizza & Garlic Bread,Mini & Snacking Pizza,map,"coherent small-format pizza: mini pizzas, pizza pockets, pizzinis, air-fryer pizza"
Frozen Foods,"Frozen Pizza, Garlic Bread & Party",Speciality,,,,,dissolve,marketing tier; ~4-5 stonebaked/woodfired pizzas -> Deep Pan Pizza / Thin & Crispy Pizza
Frozen Foods,"Frozen Pizza, Garlic Bread & Party",Thin & Crispy,,Frozen Foods,Frozen Pizza & Garlic Bread,Thin & Crispy Pizza,map,
Frozen Foods,Frozen Poultry,Chicken Burgers,,Frozen Foods,Frozen Poultry,Chicken Burgers,map,
Frozen Foods,Frozen Poultry,Chicken Fillets,,Frozen Foods,Frozen Poultry,Chicken Fillets,map,
Frozen Foods,Frozen Poultry,Chicken Nuggets & Goujons,,Frozen Foods,Frozen Poultry,Chicken Nuggets & Goujons,map,
Frozen Foods,Frozen Poultry,Takeaway Chicken,,Frozen Foods,Frozen Poultry,Southern Fried & Takeaway Chicken,map,
Frozen Foods,Frozen Vegetables,Frozen Mixed Vegetables,,Frozen Foods,Frozen Vegetables,Mixed Vegetables & Stir Fry,map,
Frozen Foods,Frozen Vegetables,Frozen Steam & Microwave Vegetables,,Frozen Foods,Frozen Vegetables,Vegetables & Sweetcorn,map,steam/microwave packaging split dropped
Frozen Foods,Frozen Vegetables,Peas & Beans,,Frozen Foods,Frozen Vegetables,Peas & Beans,map,
Frozen Foods,Frozen Vegetables,Vegetables & Sweetcorn,,Frozen Foods,Frozen Vegetables,Vegetables & Sweetcorn,map,
Frozen Foods,Frozen Vegetarian,Burgers & Sausages,,Frozen Foods,Frozen Vegetarian & Meat-Free,Meat-Free Burgers & Sausages,map,
Frozen Foods,Frozen Vegetarian,Meals,,Frozen Foods,Frozen Vegetarian & Meat-Free,"Meat-Free Fillets, Pieces & Nuggets",map,"mislabelled: Quorn fillets/nuggets/pieces/burgers, not meals; cross-dept Frozen Poultry & Frozen Ready Meals"
Frozen Foods,Frozen Vegetarian,Vegetable Pieces & Fillets,,Frozen Foods,Frozen Vegetarian & Meat-Free,"Meat-Free Fillets, Pieces & Nuggets",map,
Frozen Foods,Ice Cream & Desserts,Frozen Fruit,,Frozen Foods,Ice Cream & Desserts,Frozen Fruit,map,a few stray fruit ice lollies
Frozen Foods,Ice Cream & Desserts,Health & Dietary Ice Cream,,,,,dissolve,"attribute dump (low-fat / dairy-free / vegan / high-protein ice cream); dietary flags backfilled; split to Ice Cream Tubs & Blocks / Ice Cream Sticks, Cones & Lollies / Frozen Yogurt"
Frozen Foods,Ice Cream & Desserts,Ice Cubes,,Frozen Foods,Ice Cream & Desserts,Ice Cubes,map,
Frozen Foods,Ice Cream & Desserts,Luxury,,,,,dissolve,"marketing tier; ~86-90 mixed formats (tubs, sticks, cones, bars, lollies, roulades, gelato) -> split to Ice Cream Tubs & Blocks / Ice Cream Sticks, Cones & Lollies / Mochi & Ice Cream Bites / Frozen Desserts & Gateaux"
Frozen Foods,Ice Cream & Desserts,Snacking Ice Cream,,Frozen Foods,Ice Cream & Desserts,Mochi & Ice Cream Bites,map,mochi + Magnum bon bons + choc-coated frozen fruit; king cone / swirls are minor strays
Frozen Foods,Ice Cream & Desserts,Sticks & Lollies,,Frozen Foods,Ice Cream & Desserts,"Ice Cream Sticks, Cones & Lollies",map,already contains cones (Cornetto etc.)
Frozen Foods,Ice Cream & Desserts,Tubs & Blocks,,Frozen Foods,Ice Cream & Desserts,Ice Cream Tubs & Blocks,map,
Fruit & Vegetables,Fresh Flowers,,,Fruit & Vegetables,Fresh Flowers,,map,"Cut flowers, bouquets and single-variety bunches."
Fruit & Vegetables,Fruit,"Apples, Pears & Rhubarb",,Fruit & Vegetables,Fruit,"Apples, Pears & Rhubarb",map,Coherent.
Fruit & Vegetables,Fruit,Avocados,,Fruit & Vegetables,Fruit,Avocados,map,Coherent.
Fruit & Vegetables,Fruit,Bananas,,Fruit & Vegetables,Fruit,Bananas,map,Coherent (includes plantain).
Fruit & Vegetables,Fruit,Berries,,Fruit & Vegetables,Fruit,Berries,map,Coherent.
Fruit & Vegetables,Fruit,Citrus,,Fruit & Vegetables,Fruit,Citrus Fruit,map,Rename only.
Fruit & Vegetables,Fruit,Exotic Fruit,,Fruit & Vegetables,Fruit,Exotic & Tropical Fruit,map,"Mango, pineapple, figs, dates, pomelo, dragonfruit, passion fruit etc."
Fruit & Vegetables,Fruit,Grapes,,Fruit & Vegetables,Fruit,Grapes,map,Coherent.
Fruit & Vegetables,Fruit,Kiwis,,Fruit & Vegetables,Fruit,Kiwis,map,Coherent.
Fruit & Vegetables,Fruit,Melons,,Fruit & Vegetables,Fruit,Melons,map,Coherent.
Fruit & Vegetables,Fruit,Organic,,,,,dissolve,"Attribute dump; is_organic backfilled to 100%. Needs per-item fruit-type inference (apples, pears, kiwis, limes, mango, oranges, peaches, pineapple, plums, watermelon, dates, avocados)."
Fruit & Vegetables,Fruit,"Peaches, Plums & Nectarines",,Fruit & Vegetables,Fruit,Stone Fruit,map,"Peaches, nectarines, plums, cherries; rename. A couple of mislabelled mangoes."
Fruit & Vegetables,Fruit,Prepared Fruit,,Fruit & Vegetables,Fruit,Prepared Fruit,map,"Cut fruit pots, fruit salads, melon/pineapple fingers. A few chia-pudding/overnight-oats pots that are really chilled breakfast."
Fruit & Vegetables,Herbs,Fresh Herbs,,Fruit & Vegetables,Herbs,,map,Merged into single Herbs leaf (cut/potted/paste split dissolved).
Fruit & Vegetables,Herbs,Potted Herbs,,Fruit & Vegetables,Herbs,,map,Growing/potted herbs; packaging split with Fresh Herbs.
Fruit & Vegetables,Herbs,Prepack Herbs,,Fruit & Vegetables,Herbs,,map,Garlic/ginger/chilli purees - borderline (a cooking-paste type) but merged into Herbs per project owner.
Fruit & Vegetables,Potatoes,,,Fruit & Vegetables,Vegetables,Potatoes & Sweet Potatoes,map,2-level source; overwhelmingly potatoes plus sweet potato and fresh-cut chip/peeled packs. One or two mislabelled pak choi / sprouting broccoli.
Fruit & Vegetables,Salads,Cucumber,,Fruit & Vegetables,Salad Vegetables,Cucumber,map,Salads aisle renamed Salad Vegetables to avoid the collision with Chilled Food > Salads (deli salads).
Fruit & Vegetables,Salads,Lettuce,,Fruit & Vegetables,Salad Vegetables,Lettuce,map,Whole lettuce heads; a couple of pak choi.
Fruit & Vegetables,Salads,Salad Bowls & Bags,,Fruit & Vegetables,Salad Vegetables,Salad Bags & Bowls,map,"Bagged washed leaves, rocket, baby spinach, mixed leaf."
Fruit & Vegetables,Salads,Salad Dressing,,,,,dissolve,"Cross-department: chilled dressings belong in Food Cupboard > Condiments & Table Sauces > Dressings (A4); croutons and seed ""salad toppers"" also non-produce."
Fruit & Vegetables,Salads,Spring Onions,,Fruit & Vegetables,Salad Vegetables,Spring Onions,map,Spring onions/scallions.
Fruit & Vegetables,Salads,Sweetcorn,,Fruit & Vegetables,Salad Vegetables,Sweetcorn,map,Corn on the cob and cobettes.
Fruit & Vegetables,Salads,Tomatoes,,Fruit & Vegetables,Salad Vegetables,Tomatoes,map,All fresh tomato types; kept under Salad Vegetables per project owner.
Fruit & Vegetables,Vegetables,Beetroot,,Fruit & Vegetables,Vegetables,"Beetroot, Parsnip, Swede & Turnip",map,Merged small root-veg buckets (raw and cooked beetroot).
Fruit & Vegetables,Vegetables,"Broccoli, Cauliflower & Cabbage",,Fruit & Vegetables,Vegetables,"Cabbage, Broccoli & Leafy Greens",map,Brassicas plus kale; spinach folded in.
Fruit & Vegetables,Vegetables,Carrots,,Fruit & Vegetables,Vegetables,Carrots,map,Coherent; a mixed stewing/veg pack or two.
Fruit & Vegetables,Vegetables,"Courgette, Aubergines & Squash",,Fruit & Vegetables,Vegetables,"Courgettes, Aubergines & Squash",map,Rename only.
Fruit & Vegetables,Vegetables,Exotic Vegetables,,Fruit & Vegetables,Vegetables,Speciality Vegetables,map,"Mild catch-all but coherent as individually-sold speciality veg (asparagus, celeriac, fennel, chicory, radish, mooli, fresh ginger/turmeric/lemongrass)."
Fruit & Vegetables,Vegetables,Leeks & Celery,,Fruit & Vegetables,Vegetables,Leeks & Celery,map,Coherent.
Fruit & Vegetables,Vegetables,Mushrooms,,Fruit & Vegetables,Vegetables,Mushrooms,map,Coherent.
Fruit & Vegetables,Vegetables,Onions & Garlic,,Fruit & Vegetables,Vegetables,Onions & Garlic,map,Coherent.
Fruit & Vegetables,Vegetables,Organic Vegetables,,,,,dissolve,"Attribute dump; is_organic backfilled to 100%. Needs per-item veg-type inference (carrots, broccoli, cabbage, cauliflower, peppers, tomatoes, onions, leeks, kale, courgettes, cucumber, beetroot, sweet potato, fine beans, mushrooms, garlic, ginger, chillies)."
Fruit & Vegetables,Vegetables,"Parsnip, Swede & Turnip",,Fruit & Vegetables,Vegetables,"Beetroot, Parsnip, Swede & Turnip",map,Merged with Beetroot.
Fruit & Vegetables,Vegetables,Peppers,,Fruit & Vegetables,Vegetables,Peppers & Chillies,map,Bell/pointed/snack peppers and fresh chillies.
Fruit & Vegetables,Vegetables,Prepared Vegetables,,Fruit & Vegetables,Vegetables,Prepared & Stir-Fry Vegetables,map,"Cut/diced/shredded veg, stir-fry and steam mixes, soup/stew packs, coleslaw mix, crispy onions. Contains pod veg (fine beans, mangetout, sugar snap, baby corn) that overlap the new Green Beans, Peas & Mangetout leaf."
Fruit & Vegetables,Vegetables,Spinach,,Fruit & Vegetables,Vegetables,"Cabbage, Broccoli & Leafy Greens",map,Single-product leaf folded into leafy greens.
Health & Wellness,Benefit Foods,Canned Vegetables & Pulses,,,,,dissolve,"organic tinned range, mixed: beans/lentils/chickpeas in water -> Food Cupboard > Tinned & Packet Foods > Beans & Pulses; chopped tomatoes/passata/puree -> Food Cupboard > Tinned Tomatoes > Chopped & Whole Tomatoes / Passata / Tomato Puree; coconut milk -> Food Cupboard > Asian > Cooking Sauces & Ingredients; kimchi/sauerkraut/tempeh/edamame -> ambient fermented veg (GAP, see notes)"
Health & Wellness,Benefit Foods,Drinks,,,,,dissolve,"grab-bag: herbal/green tea bags (pukka, yogi, clipper, teapigs) -> Food Cupboard > Tea > Green, Fruit & Herbal Tea; kombucha/kefir -> Drinks > Soft Drinks > Kombucha & Fermented Drinks; cider vinegar -> Food Cupboard > Condiments & Table Sauces > Vinegar; grape/cherry juice -> Drinks > Juice > Other Fruit Juice; aloe vera drinks -> Drinks > Soft Drinks > Other & Mixed Fizzy Drinks; magnesium/vitamin waters -> Drinks > Water > Flavoured; ginger/turmeric/greens shots -> Drinks > Juice > Smoothies; matcha powder -> Food Cupboard > Tea > Speciality Tea; complan/feelgood -> Health & Wellness > Vitamins & Supplements > General Health Supplements"
Health & Wellness,Benefit Foods,Nut Butters & Spreads,,Food Cupboard,"Jams, Honey & Spreads",Nut Butters & Tahini,map,"~20 of 31 are peanut butter; almond/cashew butter and tahini fold in (no dedicated nut-butter leaf - RECOMMEND renaming target leaf to ""Nut Butters & Tahini"", see notes); 2 mor-taste berry preserves are the only true misfits -> Jams & Preserves"
Health & Wellness,Benefit Foods,Oils,,Food Cupboard,Oils,Cooking & Vegetable Oil,map,"2 products, both Biona organic coconut oil; could equally sit in Food Cupboard > Oils > Cooking Fats (solid fat)"
Health & Wellness,Benefit Foods,"Powders, Seeds & Toppers",,,,,dissolve,"mixed: organic cereal flakes/pops -> Food Cupboard > Breakfast Cereals > Cereals; granola -> Muesli & Granola; milled flax/chia/hemp seeds -> Food Cupboard > Home Baking > Baking Nuts & Seeds; hemp/whey protein powder -> Health & Wellness > Sports Nutrition > Protein Powder; spirulina/maca/wheatgrass/matcha/psyllium/nutritional yeast -> Health & Wellness > Vitamins & Supplements > General Health Supplements (superfood/greens powders GAP, see notes); cacao powder/nibs -> Food Cupboard > Home Baking > Cooking Chocolate & Cocoa; wheat bran -> Food Cupboard > Home Baking > Baking Ingredients"
Health & Wellness,Benefit Foods,"Pulses, Grains & Seeded Breads",,,,,dissolve,"mixed: rice/pasta/noodles/polenta -> Food Cupboard > Rice, Pasta & Noodles > Rice & Grains / Pasta / Noodles; rye/pumpernickel/spelt bread -> Bakery > Bread > Seeded & Sourdough Bread; rye crispbread -> Food Cupboard > Biscuits > Crackers, Crispbreads & Rice Cakes; granola -> Food Cupboard > Breakfast Cereals > Muesli & Granola; quinoa/quinoa pouches -> Food Cupboard > Rice, Pasta & Noodles > Rice & Grains"
Health & Wellness,Benefit Foods,"Ready Meals, Sauces & Condiments",,,,,dissolve,"mixed: soups in jars -> Food Cupboard > Tinned Soup > Tinned Soup; tofu/tempeh -> Chilled Food > Meat Alternatives; kimchi/sauerkraut/jackfruit -> ambient fermented veg (GAP); bouillon/stock -> Food Cupboard > Packet Sauces, Stocks & Herbs > Gravy & Stock; vegan mayo -> Food Cupboard > Condiments & Table Sauces > Mayonnaise & Salad Cream; vegan pesto -> Food Cupboard > Italian > Pesto; vegan bolognese/white sauce -> Food Cupboard > Italian > Pasta & Cooking Sauces; fiid curry bowls -> Chilled Food > Ready Meals > Ready Meals For 1 & 2; riced cauliflower -> Food Cupboard > Tinned & Packet Foods > Tinned Vegetables; risotto rice -> Food Cupboard > Rice, Pasta & Noodles > Rice & Grains"
Health & Wellness,Benefit Foods,Sugar Alternatives,,Food Cupboard,Sugar,Sweeteners,map,"4 products: agave/date/chicory syrup and coconut palm sugar; target leaf description explicitly covers ""alternative sweeteners such as agave and coconut sugar"""
Health & Wellness,Free From,Dairy Free,,,,,dissolve,"owner-directed dissolve (is_dairy_free backfilled). Mostly plant milk -> Milk, Yogurt, Butter & Eggs > Milk & Yogurt Alternatives > Milk & Cream Alternatives; soya cream -> same; dairy-free desserts/custard -> Milk, Yogurt, Butter & Eggs > Chilled Desserts (or Yogurt Alternatives); ombar dairy-free chocolate bars -> Food Cupboard > Chocolate & Sweets > Chocolate Bars"
Health & Wellness,Free From,Diet & Nutrition,,,,,dissolve,"marketing bucket: skinny/slims syrups & sauces -> Food Cupboard > Desserts & Sundries > Dessert Sauces & Toppings (coffee syrups no clean home); skinny whip/dream bars -> Food Cupboard > Chocolate & Sweets > Chocolate Bars; rice up cakes -> Food Cupboard > Biscuits > Crackers, Crispbreads & Rice Cakes"
Health & Wellness,Free From,Gluten Free Bakery & Baking,,,,,dissolve,owner-directed dissolve (is_gluten_free backfilled). Bread/rolls/wraps/bagels -> Bakery > Bread > *; brownies/cakes/muffins/slices -> Bakery > Cakes & Treats > *; flour/baking powder/yeast/bread & cake mixes -> Food Cupboard > Home Baking > Flour / Baking Ingredients / Cake & Dessert Mixes
Health & Wellness,Free From,Gluten Free Biscuits & Rice Cakes,,,,,dissolve,"owner-directed dissolve. Sweet biscuits/cookies/wafers -> Food Cupboard > Biscuits > Sweet Biscuits & Cookies; crackers/crispbread/oatcakes -> Food Cupboard > Biscuits > Crackers, Crispbreads & Rice Cakes; ~40 rice/corn cakes -> nearest home Food Cupboard > Biscuits > Crackers, Crispbreads & Rice Cakes (rice cakes GAP, see notes)"
Health & Wellness,Free From,Gluten Free Breakfast Cereals,,,,,dissolve,all breakfast cereal but spans three leaves: granola -> Food Cupboard > Breakfast Cereals > Muesli & Granola; porridge/oats/overnight oats -> Porridge & Oats; flakes/hoops/pops -> Cereals
Health & Wellness,Free From,"Gluten Free Ready Meals, Sauces & Condiments",,,,,dissolve,"mixed: GF pasta -> Food Cupboard > Rice, Pasta & Noodles > Pasta; gnocchi -> Food Cupboard > Rice, Pasta & Noodles > Pasta; curry/gravy sauces & sachets -> Food Cupboard > Packet Sauces, Stocks & Herbs > Gravy & Stock / Recipe Mixes & Packet Sauces; table sauces (taste of goodness bbq/mayo/pepper) -> Food Cupboard > Condiments & Table Sauces > BBQ & Hot Sauces / Mayonnaise & Salad Cream / Condiment Sauces; tamari -> Food Cupboard > Asian > Cooking Sauces & Ingredients; fajita kit/tortillas -> Food Cupboard > Mexican > Meal Kits / Tortillas & Taco Shells"
Health & Wellness,Free From,Snacking,,,,,dissolve,"owner-directed dissolve, very mixed: oat bars/flapjacks/protein bars/energy balls -> Food Cupboard > Breakfast Cereals > Cereal Bars; fruit rolls/yoyos/dates -> Food Cupboard > Crisps, Snacks, Nuts & Popcorn > Snacking Nuts & Dried Fruit; veg/hummus/lentil chips & straws -> Food Cupboard > Crisps, Snacks, Nuts & Popcorn > Crisps & Snacks; chocolate bars/truffles/cups -> Food Cupboard > Chocolate & Sweets > Chocolate Bars / Boxed Chocolates; jelly sweets/liquorice -> Food Cupboard > Chocolate & Sweets > Sweets & Confectionery"
Health & Wellness,Free From,Sugar Free,,,,,dissolve,"mixed: sugar-free boiled sweets/gummies (sula, ricola, free from fellows) -> Food Cupboard > Chocolate & Sweets > Sweets & Confectionery; lozenges (ricola) -> Mints & Lozenges; gullon sugar-free biscuits -> Food Cupboard > Biscuits > Sweet Biscuits & Cookies; dr coys/freeist chocolate -> Chocolate Bars; follain relish -> Food Cupboard > Condiments & Table Sauces > Chutney & Relish"
Health & Wellness,Free From,Wheat Free,,,,,dissolve,"9 Nairns products, real split: ~5 sweet oat biscuits -> Food Cupboard > Biscuits > Sweet Biscuits & Cookies; ~4 oatcakes -> Food Cupboard > Biscuits > Crackers, Crispbreads & Rice Cakes"
Health & Wellness,"Nuts, Seeds & Dried Fruit",Dried Fruit,,Food Cupboard,"Crisps, Snacks, Nuts & Popcorn",Snacking Nuts & Dried Fruit,map,"dried mango/apricots/figs/cranberries/blueberries/goji/dates + true dates fruit-snack pouches; target leaf covers ""trail mix and dried-fruit snacks"""
Health & Wellness,"Nuts, Seeds & Dried Fruit",Dried Grains & Pulses,,,,,dissolve,"13 SuperValu-brand bags, half pulses half grains: butter/cannellini/kidney beans, chickpeas, green & red lentils, soup mix -> Food Cupboard > Tinned & Packet Foods > Beans & Pulses; buckwheat, couscous, quinoa, pearl barley -> Food Cupboard > Rice, Pasta & Noodles > Rice & Grains; golden linseed, wheat germ -> Food Cupboard > Home Baking > Baking Nuts & Seeds / Baking Ingredients"
Health & Wellness,"Nuts, Seeds & Dried Fruit",Nuts & Seeds,,,,,dissolve,"35 SuperValu-brand bags, genuine snacking/baking split: cashews, pistachios, brazil nuts, mixed nuts, protein/roasted nut mix -> Food Cupboard > Crisps, Snacks, Nuts & Popcorn > Snacking Nuts & Dried Fruit; flaked almonds, pine nuts, walnuts, pecans, whole almonds -> Food Cupboard > Home Baking > Baking Nuts & Seeds; chia/flax/milled seeds, pumpkin/sunflower/sesame seeds, seed toppers -> Food Cupboard > Home Baking > Baking Nuts & Seeds; prunes -> Food Cupboard > Crisps, Snacks, Nuts & Popcorn > Snacking Nuts & Dried Fruit"
Health & Wellness,Sports Nutrition,Protein Bars & Energy Gels,,Health & Wellness,Sports Nutrition,Protein Bars & Energy Gels,map,coherent: protein bars/flapjacks/wafers/cookies plus endurance energy & caffeine gels and effervescent electrolyte tablets (new leaf)
Health & Wellness,Sports Nutrition,Protein Drinks,,Health & Wellness,Sports Nutrition,Protein Drinks,map,"RTD protein shakes/milkshakes/high-protein water; also includes Huel/YFood/Complan meal-replacement drinks (no dedicated meal-replacement leaf, see notes) (new leaf)"
Health & Wellness,Sports Nutrition,Protein Powder,,Health & Wellness,Sports Nutrition,Protein Powder,map,"mostly whey/plant/collagen protein powder; also creatine, pre-workout and electrolyte powders sold in the same range and with no other home - leaf description broadened to cover them (new leaf)"
Health & Wellness,Sports Nutrition,Sports Nutrition,,,,,dissolve,"same-name catch-all, 6 items - dissolved per the dissolve test (deviation from owner keep-list, see notes): acti snack keto granola x2 -> Food Cupboard > Breakfast Cereals > Muesli & Granola; femfuelz greens powder, kinetica collagen shots, kinetica zinc-mag tablets -> Health & Wellness > Vitamins & Supplements > General Health Supplements; femfuelz shaker -> non-food equipment"
Health & Wellness,Vitamins & Supplements,Adult Multivitamins,,Health & Wellness,Vitamins & Supplements,Adult Multivitamins,map,coherent 1:1 (new leaf)
Health & Wellness,Vitamins & Supplements,Children & Teens,,Health & Wellness,Vitamins & Supplements,Children & Teens,map,coherent 1:1; age IS the identity for kids supplements (new leaf)
Health & Wellness,Vitamins & Supplements,Cod Liver Oils,,Health & Wellness,Vitamins & Supplements,Cod Liver Oils,map,coherent 1:1 - cod liver oil / fish oil supplements (new leaf)
Health & Wellness,Vitamins & Supplements,Energy & Immunity,,Health & Wellness,Vitamins & Supplements,Energy & Immunity,map,coherent 1:1 - single/combination nutrient supplements for energy and immune support (new leaf)
Health & Wellness,Vitamins & Supplements,General Health Supplements,,Health & Wellness,Vitamins & Supplements,General Health Supplements,map,"coherent 1:1 - general wellbeing supplements (probiotics, collagen, omega, biotin, etc); also the landing leaf for dissolved superfood/greens powders (new leaf)"
Health & Wellness,Vitamins & Supplements,Jointcare & Bone Health,,Health & Wellness,Vitamins & Supplements,Jointcare & Bone Health,map,coherent 1:1 - glucosamine/turmeric/collagen jointcare (new leaf)
Health & Wellness,Vitamins & Supplements,Womens Health,,Health & Wellness,Vitamins & Supplements,Womens Health,map,"coherent 1:1 - evening primrose, folic acid, pregnancy multivitamins (new leaf)"
Household & Cleaning,Air Fresheners,Aerosols,,Household & Cleaning,Air Fresheners,Aerosols,map,
Household & Cleaning,Air Fresheners,Candles,,Household & Cleaning,Air Fresheners,Candles,map,
Household & Cleaning,Air Fresheners,Electrical,,Household & Cleaning,Air Fresheners,Electrical,map,
Household & Cleaning,Air Fresheners,Other,,,,,dissolve,catch-all bin (5 products)
Household & Cleaning,Air Fresheners,Solids & Gel,,Household & Cleaning,Air Fresheners,Solids & Gel,map,
Household & Cleaning,Air Fresheners,Sprays,,Household & Cleaning,Air Fresheners,Sprays,map,
Household & Cleaning,Batteries,,,Household & Cleaning,Batteries,,map,
Household & Cleaning,Cleaning,All Purpose Cleaners,Cream,Household & Cleaning,All Purpose Cleaners,Cream,map,
Household & Cleaning,Cleaning,All Purpose Cleaners,"Liquid, Wipes & Gel",Household & Cleaning,All Purpose Cleaners,"Liquid, Wipes & Gel",map,
Household & Cleaning,Cleaning,All Purpose Cleaners,Spray,Household & Cleaning,All Purpose Cleaners,Spray,map,
Household & Cleaning,Cleaning,All Purpose Cleaners,Wipes,Household & Cleaning,All Purpose Cleaners,Wipes,map,
Household & Cleaning,Cleaning,Bathroom,Spray,Household & Cleaning,Bathroom,Spray,map,
Household & Cleaning,Cleaning,Bathroom,Wipes,Household & Cleaning,Bathroom,Wipes,map,
Household & Cleaning,Cleaning,Bleach,,Household & Cleaning,Cleaning,Bleach,map,
Household & Cleaning,Cleaning,Dishwasher,Fresheners,Household & Cleaning,Dishwasher,Fresheners,map,
Household & Cleaning,Cleaning,Dishwasher,Rinse Aids,Household & Cleaning,Dishwasher,Rinse Aids,map,
Household & Cleaning,Cleaning,Dishwasher,Salt,Household & Cleaning,Dishwasher,Salt,map,
Household & Cleaning,Cleaning,Dishwasher,Tablets,Household & Cleaning,Dishwasher,Tablets,map,
Household & Cleaning,Cleaning,Disinfectants,,Household & Cleaning,Cleaning,Disinfectants,map,
Household & Cleaning,Cleaning,Floor & Carpet Cleaners,Carpet Cleaners,Household & Cleaning,Floor & Carpet Cleaners,Carpet Cleaners,map,
Household & Cleaning,Cleaning,Floor & Carpet Cleaners,Liquid & Gel,Household & Cleaning,Floor & Carpet Cleaners,Liquid & Gel,map,
Household & Cleaning,Cleaning,Floor & Carpet Cleaners,Other,,,,dissolve,catch-all bin (8 products)
Household & Cleaning,Cleaning,Furniture Cleaner & Polish,,Household & Cleaning,Cleaning,Furniture Cleaner & Polish,map,
Household & Cleaning,Cleaning,Gloves,,Household & Cleaning,Cleaning,Gloves,map,
Household & Cleaning,Cleaning,Kitchen Cleaners,,Household & Cleaning,Cleaning,Kitchen Cleaners,map,
Household & Cleaning,Cleaning,Miscellaneous Cleaning,,,,,dissolve,catch-all bin (16 products)
Household & Cleaning,Cleaning,"Mops, Brooms & Buckets",,Household & Cleaning,Cleaning,"Mops, Brooms & Buckets",map,
Household & Cleaning,Cleaning,Oven Cleaners,,Household & Cleaning,Cleaning,Oven Cleaners,map,
Household & Cleaning,Cleaning,"Sponges, Cloths & Scourers",,Household & Cleaning,Cleaning,"Sponges, Cloths & Scourers",map,
Household & Cleaning,Cleaning,Toilet Cleaners,Liquid & Gel,Household & Cleaning,Toilet Cleaners,Liquid & Gel,map,
Household & Cleaning,Cleaning,Toilet Cleaners,Toilet Bowl Blocks,Household & Cleaning,Toilet Cleaners,Toilet Bowl Blocks,map,
Household & Cleaning,Cleaning,Toilet Cleaners,Toilet Cistern Blocks,Household & Cleaning,Toilet Cleaners,Toilet Cistern Blocks,map,
Household & Cleaning,Cleaning,Washing Up Liquid,,Household & Cleaning,Cleaning,Washing Up Liquid,map,
Household & Cleaning,Cleaning,Window Cleaners,,Household & Cleaning,Cleaning,Window Cleaners,map,
Household & Cleaning,Firelighters & Logs,Accessories,,Household & Cleaning,Firelighters & Logs,Accessories,map,
Household & Cleaning,Firelighters & Logs,Block Firelighters,,Household & Cleaning,Firelighters & Logs,Block Firelighters,map,
Household & Cleaning,Firelighters & Logs,Logs & Bags,,Household & Cleaning,Firelighters & Logs,Logs & Bags,map,
Household & Cleaning,Firelighters & Logs,Matches,,Household & Cleaning,Firelighters & Logs,Matches,map,
Household & Cleaning,Firelighters & Logs,Wrapped Firelighters,,Household & Cleaning,Firelighters & Logs,Wrapped Firelighters,map,
Household & Cleaning,Fly & Bug Killers,,,Household & Cleaning,Fly & Bug Killers,,map,
Household & Cleaning,"Foil, Film, Wrap & Bags",Cling Film,,Household & Cleaning,"Foil, Film, Wrap & Bags",Cling Film,map,
Household & Cleaning,"Foil, Film, Wrap & Bags",Cooking & Baking,,Household & Cleaning,"Foil, Film, Wrap & Bags",Cooking & Baking,map,
Household & Cleaning,"Foil, Film, Wrap & Bags",Foil,,Household & Cleaning,"Foil, Film, Wrap & Bags",Foil,map,
Household & Cleaning,"Foil, Film, Wrap & Bags",Food & Sandwich Bags,,Household & Cleaning,"Foil, Film, Wrap & Bags",Food & Sandwich Bags,map,
Household & Cleaning,Homeware,Candles,,Household & Cleaning,Homeware,Candles,map,
Household & Cleaning,Kitchen Rolls,Family,,Household & Cleaning,Kitchen Rolls,Family,map,
Household & Cleaning,Kitchen Rolls,Luxury,,Household & Cleaning,Kitchen Rolls,Luxury,map,
Household & Cleaning,Kitchenware,,,Household & Cleaning,Kitchenware,,map,
Household & Cleaning,Laundry,Aids & Cleaners,Boosters,Household & Cleaning,Aids & Cleaners,Boosters,map,
Household & Cleaning,Laundry,Aids & Cleaners,Dryer Sheets,Household & Cleaning,Aids & Cleaners,Dryer Sheets,map,
Household & Cleaning,Laundry,Aids & Cleaners,Laundry Cleaners,Household & Cleaning,Aids & Cleaners,Laundry Cleaners,map,
Household & Cleaning,Laundry,Aids & Cleaners,Sprays,Household & Cleaning,Aids & Cleaners,Sprays,map,
Household & Cleaning,Laundry,Aids & Cleaners,Stain Remover,Household & Cleaning,Aids & Cleaners,Stain Remover,map,
Household & Cleaning,Laundry,Capsules & Liquitabs,Bio,Household & Cleaning,Capsules & Liquitabs,Bio,map,
Household & Cleaning,Laundry,Capsules & Liquitabs,Colour Care,Household & Cleaning,Capsules & Liquitabs,Colour Care,map,
Household & Cleaning,Laundry,Capsules & Liquitabs,Non Bio,Household & Cleaning,Capsules & Liquitabs,Non Bio,map,
Household & Cleaning,Laundry,Fabric Softener,Dilute,Household & Cleaning,Fabric Softener,Dilute,map,
Household & Cleaning,Laundry,Fabric Softener,Other,,,,dissolve,catch-all bin (3 products)
Household & Cleaning,Laundry,Laundry Liquids & Gels,Bio,Household & Cleaning,Laundry Liquids & Gels,Bio,map,
Household & Cleaning,Laundry,Laundry Liquids & Gels,Colour Care,Household & Cleaning,Laundry Liquids & Gels,Colour Care,map,
Household & Cleaning,Laundry,Laundry Liquids & Gels,Non Bio & Sensitive Skin,Household & Cleaning,Laundry Liquids & Gels,Non Bio & Sensitive Skin,map,
Household & Cleaning,Laundry,Laundry Liquids & Gels,Scent & Colour Booster,Household & Cleaning,Laundry Liquids & Gels,Scent & Colour Booster,map,
Household & Cleaning,Laundry,Laundry Powder,Bio,Household & Cleaning,Laundry Powder,Bio,map,
Household & Cleaning,Laundry,Laundry Powder,Colour Care,Household & Cleaning,Laundry Powder,Colour Care,map,
Household & Cleaning,Laundry,Laundry Powder,Non Bio,Household & Cleaning,Laundry Powder,Non Bio,map,
Household & Cleaning,Laundry,Laundry Powder,Scent & Colour Booster,Household & Cleaning,Laundry Powder,Scent & Colour Booster,map,
Household & Cleaning,Refuse Sacks & Bin Liners,Compostable Bin Liners,,Household & Cleaning,Refuse Sacks & Bin Liners,Compostable Bin Liners,map,
Household & Cleaning,Refuse Sacks & Bin Liners,Refuse Sacks,,Household & Cleaning,Refuse Sacks & Bin Liners,Refuse Sacks,map,
Household & Cleaning,Shoe Care,,,Household & Cleaning,Shoe Care,,map,
Household & Cleaning,Small Appliances,,,Household & Cleaning,Small Appliances,,map,
Household & Cleaning,Stationery,,,Household & Cleaning,Stationery,,map,
Household & Cleaning,Tableware & Partyware,,,Household & Cleaning,Tableware & Partyware,,map,
Household & Cleaning,Tissues,,,Household & Cleaning,Tissues,,map,
Household & Cleaning,Toilet Rolls,Family,,Household & Cleaning,Toilet Rolls,Family,map,
Household & Cleaning,Toilet Rolls,Luxury & Wipes,,Household & Cleaning,Toilet Rolls,Luxury & Wipes,map,
Meat & Poultry,Bacon,Butcher,,,,,dissolve,"Only 6 items but 4 are rashers ('pale rasher', 'rasher rind on smoked', 'back bacon rind on rashers' x2) and 2 are bacon ribs/joint. Splits between Sausages, Rashers & Pudding > Rashers & Bacon Slices and Bacon > Bacon Joints, Chops & Ribs."
Meat & Poultry,Bacon,Pre-pack,,Meat & Poultry,Bacon,"Bacon Joints, Chops & Ribs",map,"Raw bacon/ham joints, ham fillets, bacon loin, chops, medallions, ribs. Coherent as raw bacon cuts for cooking."
Meat & Poultry,Beef,Butcher,Bbq Meats,Meat & Poultry,Beef,"Burgers, Grills & Meatballs",map,"Merges Butcher/Pre-pack sourcing level away. All burgers, quarter pounders, meatballs."
Meat & Poultry,Beef,Butcher,Beef Steaks,Meat & Poultry,Beef,Steaks,map,Merges Butcher/Pre-pack.
Meat & Poultry,Beef,Butcher,Mince,Meat & Poultry,Beef,Mince,map,Merges Butcher/Pre-pack.
Meat & Poultry,Beef,Butcher,Roasts,Meat & Poultry,Beef,Roasts,map,Merges Butcher/Pre-pack. Includes oxtail (offal-adjacent) - left as-is.
Meat & Poultry,Beef,Butcher,Stewing & Diced,Meat & Poultry,Beef,Stewing & Diced,map,Merges Butcher/Pre-pack.
Meat & Poultry,Beef,Pre-pack,Bbq Meats,Meat & Poultry,Beef,"Burgers, Grills & Meatballs",map,"Burgers, koftas, meatballs, grillsteaks."
Meat & Poultry,Beef,Pre-pack,Beef Steaks,Meat & Poultry,Beef,Steaks,map,"~2 burger items ('ace burger box', 'beef smash burger family pack') misfiled here - belong in Burgers, Grills & Meatballs."
Meat & Poultry,Beef,Pre-pack,Mince,Meat & Poultry,Beef,Mince,map,Merges Butcher/Pre-pack.
Meat & Poultry,Beef,Pre-pack,Organic,,,,dissolve,"Attribute dump per project owner. is_organic already backfilled so nothing lost. 6 items need per-cut inference: rib eye/sirloin/striploin steak, steak mince, diced beef, burgers - land in Beef > Steaks / Mince / Stewing & Diced / Burgers, Grills & Meatballs."
Meat & Poultry,Beef,Pre-pack,Roasts,Meat & Poultry,Beef,Roasts,map,Merges Butcher/Pre-pack.
Meat & Poultry,Beef,Pre-pack,Stewing & Diced,Meat & Poultry,Beef,Stewing & Diced,map,Merges Butcher/Pre-pack.
Meat & Poultry,Chicken & Poultry,Butcher,,Meat & Poultry,Chicken & Poultry,Fresh Chicken & Turkey,map,"Mostly raw chicken fillets, part-boned breasts, legs; small strays (2 turkey burgers, 1 'chicken curry')."
Meat & Poultry,Chicken & Poultry,Pre-pack,,,,,dissolve,~94 items; a large sub-population (~25-35) is breaded/kiev/goujon/nugget. Splits between Fresh Chicken & Turkey and Breaded & Coated Poultry.
Meat & Poultry,Game,,,Meat & Poultry,Game,Duck & Game Birds,map,"All duck (whole, half, breast, confit, crispy duck)."
Meat & Poultry,Lamb,Butcher,Bbq Meats,Meat & Poultry,Lamb,Chops & Steaks,map,"Merges sourcing level away. Loin/gigot chops, boneless shoulder, lamb loin. Overlaps Pre-pack > Steaks & Chops."
Meat & Poultry,Lamb,Butcher,Offal,Meat & Poultry,Lamb,Offal,map,"Liver, kidney, heart."
Meat & Poultry,Lamb,Butcher,Roasts,Meat & Poultry,Lamb,Roasts,map,Merges Butcher/Pre-pack.
Meat & Poultry,Lamb,Butcher,Stewing & Diced,Meat & Poultry,Lamb,Stewing & Diced,map,Merges Butcher/Pre-pack.
Meat & Poultry,Lamb,Pre-pack,Bbq Meats,Meat & Poultry,Lamb,Chops & Steaks,map,Single item (mediterranean lamb kofta) - could alternatively sit in a cross-species Burgers/Grills bucket.
Meat & Poultry,Lamb,Pre-pack,Mince,Meat & Poultry,Lamb,Mince,map,Merges Butcher/Pre-pack.
Meat & Poultry,Lamb,Pre-pack,Roasts,Meat & Poultry,Lamb,Roasts,map,Merges Butcher/Pre-pack.
Meat & Poultry,Lamb,Pre-pack,Steaks & Chops,Meat & Poultry,Lamb,Chops & Steaks,map,Merges with Butcher > Bbq Meats.
Meat & Poultry,Lamb,Pre-pack,Stewing & Diced,Meat & Poultry,Lamb,Stewing & Diced,map,Merges Butcher/Pre-pack.
Meat & Poultry,Pork,Butcher,,Meat & Poultry,Pork,"Chops, Steaks & Roasts",map,"Chops, steaks, loin, belly, roasting joints; 2 rib racks ('pork baby loin rib rack', 'pork meaty belly ribs') stray - belong in Pork > Ribs."
Meat & Poultry,Pork,Pre-pack,,,,,dissolve,"~22 items: ~3 pork mince and ~2 pork ribs mixed with chops/steaks/belly/fillet. Splits across Pork > Chops, Steaks & Roasts / Mince / Ribs."
Meat & Poultry,Prepared By Our Butcher,,,,,,dissolve,"Genuine mixed bag. Raw marinated/stuffed/wrapped meats -> Prepared Meats > Marinated & Ready-to-Cook Meat. Vegetable sides (garlic wedges, luxury mash, potato gratin, beer battered onion rings, roast veg, carrot/parsnip chips) are not meat -> A2 Chilled > Ready Meals > Sides. A few cooked ready-to-eat items -> A2."
Meat & Poultry,"Sausage, Rasher & Pudding",Meat Free,,Chilled Food,Meat Alternatives,,map,Renamed from bare attribute 'Meat Free' to a product-type name (passes dissolve test like spec's 'Kids Yogurts'). Coherent: 7 plant-based breakfast items. Precedent: Frozen Foods > Frozen Vegetarian > Burgers & Sausages. Alternative home: a cross-dept 'Vegetarian & Meat Alternatives' aisle - see notes.
Meat & Poultry,"Sausage, Rasher & Pudding",Pudding,,Meat & Poultry,"Sausages, Rashers & Pudding",Black & White Pudding,map,"Black/white/mixed pudding, all formats."
Meat & Poultry,"Sausage, Rasher & Pudding",Rashers,,Meat & Poultry,"Sausages, Rashers & Pudding",Rashers & Bacon Slices,map,"Cured sliced rashers, gammon steaks, turkey rashers."
Meat & Poultry,"Sausage, Rasher & Pudding",Sausages,,Meat & Poultry,"Sausages, Rashers & Pudding",Sausages,map,All raw fresh sausages.
Meat & Poultry,Slow Cooked,,,,,,dissolve,Single cooked ready-to-heat dish (lamb shanks in red wine gravy). Likely belongs in A2 Chilled > Ready Meals; fallback Prepared Meats > Marinated & Ready-to-Cook Meat.
"Milk, Yogurt, Butter & Eggs",Butter & Spreads,Block Butter,,"Milk, Yogurt, Butter & Eggs",Butter & Spreads,Block Butter,map,
"Milk, Yogurt, Butter & Eggs",Butter & Spreads,Cholesterol Lowering,,"Milk, Yogurt, Butter & Eggs",Butter & Spreads,Dairy Spreads,map,"dissolve test applied: all buttery spreads (Benecol/Proactiv), benefit-claim name only - coherent so mapped; recommend is_cholesterol_lowering flag"
"Milk, Yogurt, Butter & Eggs",Butter & Spreads,Cooking & Baking Butter & Fats,,"Milk, Yogurt, Butter & Eggs",Butter & Spreads,Cooking & Baking Fats,map,
"Milk, Yogurt, Butter & Eggs",Butter & Spreads,Dairy Spreads,,"Milk, Yogurt, Butter & Eggs",Butter & Spreads,Dairy Spreads,map,
"Milk, Yogurt, Butter & Eggs",Butter & Spreads,Pastry,,"Milk, Yogurt, Butter & Eggs",Butter & Spreads,Chilled Pastry & Dough,map,not butter; chilled ready-rolled pastry/dough + 1 cookie-dough stray; cross-dept with Frozen pastry and Food Cupboard Home Baking (A4)
"Milk, Yogurt, Butter & Eggs",Butter & Spreads,Spreadable Butter,,"Milk, Yogurt, Butter & Eggs",Butter & Spreads,Spreadable Butter,map,
"Milk, Yogurt, Butter & Eggs",Cream & Custard,Alternative Cream,,"Milk, Yogurt, Butter & Eggs",Milk & Yogurt Alternatives,Milk & Cream Alternatives,map,plant cream (Elmlea alternative); moved to alternatives aisle
"Milk, Yogurt, Butter & Eggs",Cream & Custard,Créme Fraíche,,"Milk, Yogurt, Butter & Eggs",Cream & Custard,Sour Cream & Crème Fraîche,map,
"Milk, Yogurt, Butter & Eggs",Cream & Custard,Double Cream,,"Milk, Yogurt, Butter & Eggs",Cream & Custard,Fresh Cream,map,
"Milk, Yogurt, Butter & Eggs",Cream & Custard,Fresh Custard,,"Milk, Yogurt, Butter & Eggs",Cream & Custard,Fresh Custard,map,cross-dept with Food Cupboard > Desserts & Sundries > Custard & Custard Pots (A4)
"Milk, Yogurt, Butter & Eggs",Cream & Custard,Long-life Cream,,"Milk, Yogurt, Butter & Eggs",Cream & Custard,Whipped & Aerosol Cream,map,aerosol/spray long-life cream
"Milk, Yogurt, Butter & Eggs",Cream & Custard,Single Cream,,"Milk, Yogurt, Butter & Eggs",Cream & Custard,Fresh Cream,map,
"Milk, Yogurt, Butter & Eggs",Cream & Custard,Sour & Cooking Cream,,"Milk, Yogurt, Butter & Eggs",Cream & Custard,Sour Cream & Crème Fraîche,map,
"Milk, Yogurt, Butter & Eggs",Cream & Custard,Whipped Cream,,"Milk, Yogurt, Butter & Eggs",Cream & Custard,Whipped & Aerosol Cream,map,
"Milk, Yogurt, Butter & Eggs",Dairy & Lactose Free,,,"Milk, Yogurt, Butter & Eggs",Milk & Yogurt Alternatives,Butter & Spread Alternatives,map,"parent-level leaf: plant butter blocks & spreads (Flora Plant, Naturli)"
"Milk, Yogurt, Butter & Eggs",Dairy & Lactose Free,Milk & Cream,,"Milk, Yogurt, Butter & Eggs",Milk & Yogurt Alternatives,Milk & Cream Alternatives,map,
"Milk, Yogurt, Butter & Eggs",Dairy & Lactose Free,Yogurts,,"Milk, Yogurt, Butter & Eggs",Milk & Yogurt Alternatives,Yogurt Alternatives,map,
"Milk, Yogurt, Butter & Eggs",Eggs,Free Range,,"Milk, Yogurt, Butter & Eggs",Eggs,Free Range,map,
"Milk, Yogurt, Butter & Eggs",Eggs,Organic,,,,,dissolve,"is_organic backfilled; 2 items, both liquid egg white not shell eggs"
"Milk, Yogurt, Butter & Eggs",Eggs,Standard Eggs,,"Milk, Yogurt, Butter & Eggs",Eggs,Standard,map,
"Milk, Yogurt, Butter & Eggs",Fresh Milk,Buttermilk,,"Milk, Yogurt, Butter & Eggs",Fresh Milk,Buttermilk,map,
"Milk, Yogurt, Butter & Eggs",Fresh Milk,Flavoured,,"Milk, Yogurt, Butter & Eggs",Fresh Milk,Flavoured Milk,map,
"Milk, Yogurt, Butter & Eggs",Fresh Milk,Goats Milk,,"Milk, Yogurt, Butter & Eggs",Fresh Milk,Goats Milk,map,
"Milk, Yogurt, Butter & Eggs",Fresh Milk,Low Fat Milk,,,,,dissolve,"is_low_fat backfilled; mixed - 1%/light plus genuine whole milk (Arrabawn/Dawn whole milk); Skimmed leaf already holds 1%/light in current data, route per-product to Whole or Skimmed"
"Milk, Yogurt, Butter & Eggs",Fresh Milk,Organic Milk,,,,,dissolve,"is_organic backfilled; 2 items (organic whole + organic low fat), route to Whole/Skimmed"
"Milk, Yogurt, Butter & Eggs",Fresh Milk,Protein & Omega Milks,,"Milk, Yogurt, Butter & Eggs",Fresh Milk,Protein & Omega Milk,map,descriptive; recommend is_protein flag
"Milk, Yogurt, Butter & Eggs",Fresh Milk,Skimmed Milk,,"Milk, Yogurt, Butter & Eggs",Fresh Milk,Skimmed Milk,map,also receives 1%/light milk per owner design
"Milk, Yogurt, Butter & Eggs",Fresh Milk,Speciality Milk,,,,,dissolve,"catch-all Speciality; 3 items - vitamin-enriched, UHT long-life, Mighty Milk"
"Milk, Yogurt, Butter & Eggs",Fresh Milk,Whole Milk,,"Milk, Yogurt, Butter & Eggs",Fresh Milk,Whole Milk,map,
"Milk, Yogurt, Butter & Eggs",Yogurts,Active Health,,,,,dissolve,"marketing/benefit tier; mixed - Activia & Killowen fruit yogurts, Benecol greek-style, kefir, Muller Light; targets Fruit & Flavoured Yogurt / Natural & Greek Yogurt / Yogurt & Kefir Drinks"
"Milk, Yogurt, Butter & Eggs",Yogurts,Everyday Yogurts,Everyday Yogurts,"Milk, Yogurt, Butter & Eggs",Yogurts,Natural & Greek Yogurt,map,"4-level path, redundant middle dropped; 5/7 greek-style + skyr, 2 strawberry/granola strays"
"Milk, Yogurt, Butter & Eggs",Yogurts,Everyday Yogurts,Multipacks,"Milk, Yogurt, Butter & Eggs",Yogurts,Fruit & Flavoured Yogurt,map,"fruit/flavoured multipacks (Glenilen, Irish Yogurts, Muller Corner, Yoplait)"
"Milk, Yogurt, Butter & Eggs",Yogurts,Everyday Yogurts,Single Pots,"Milk, Yogurt, Butter & Eggs",Yogurts,Fruit & Flavoured Yogurt,map,fruit/flavoured single pots; 2 Fage natural strays
"Milk, Yogurt, Butter & Eggs",Yogurts,Health & Kefir Drinks,,"Milk, Yogurt, Butter & Eggs",Yogurts,Yogurt & Kefir Drinks,map,
"Milk, Yogurt, Butter & Eggs",Yogurts,Kids Yogurts,,"Milk, Yogurt, Butter & Eggs",Yogurts,Kids Yogurts,map,format/portion is the identity - survives per SPEC
"Milk, Yogurt, Butter & Eggs",Yogurts,Low Fat & Fat Free,,,,,dissolve,"is_low_fat backfilled; mixed - Fage 0% natural/greek, Muller Light flavoured, Muller Rice pudding desserts"
"Milk, Yogurt, Butter & Eggs",Yogurts,Luxury Yogurts & Desserts,,,,,dissolve,"marketing tier + genuinely mixed: chilled desserts (tiramisu, cheesecake, mousse, trifle, creme brulee, pancakes, chocolate pots) plus luxury fruit & greek yogurts; targets Chilled Desserts / Fruit & Flavoured Yogurt / Natural & Greek Yogurt"
"Milk, Yogurt, Butter & Eggs",Yogurts,Natural & Greek Yogurt,,"Milk, Yogurt, Butter & Eggs",Yogurts,Natural & Greek Yogurt,map,
"Milk, Yogurt, Butter & Eggs",Yogurts,Organic,,,,,dissolve,is_organic backfilled; Glenisk greek-style/natural/fruit organic yogurts; targets Natural & Greek Yogurt / Fruit & Flavoured Yogurt
"Milk, Yogurt, Butter & Eggs",Yogurts,Protein,,,,,dissolve,heavily mixed: protein yogurt/skyr/quark + protein mousse/pudding + protein shakes + energy balls + pancakes; targets Protein Yogurt / Chilled Desserts / Yogurt & Kefir Drinks; recommend is_protein flag
"Milk, Yogurt, Butter & Eggs",Yogurts,Yogurt Drinks,,"Milk, Yogurt, Butter & Eggs",Yogurts,Yogurt & Kefir Drinks,map,
Newsagent & Tobacconist,Cigarettes & Cigars,Cigarettes,,Newsagent & Tobacconist,Cigarettes & Cigars,Cigarettes,map,
Newsagent & Tobacconist,Cigarettes & Cigars,Cigars,,Newsagent & Tobacconist,Cigarettes & Cigars,Cigars,map,
Newsagent & Tobacconist,Cigarettes & Cigars,E-cigarettes,,Newsagent & Tobacconist,Cigarettes & Cigars,E-cigarettes,map,
Newsagent & Tobacconist,Cigarettes & Cigars,Smoking Accessories,,Newsagent & Tobacconist,Cigarettes & Cigars,Smoking Accessories,map,
Newsagent & Tobacconist,Cigarettes & Cigars,Tobacco,,Newsagent & Tobacconist,Cigarettes & Cigars,Tobacco,map,
Newsagent & Tobacconist,Magazines,,,Newsagent & Tobacconist,Magazines,,map,
Newsagent & Tobacconist,Newspapers,,,Newsagent & Tobacconist,Newspapers,,map,
Pets,Cat & Kitten,Cans,,Pets,Cat & Kitten,Cans,map,
Pets,Cat & Kitten,Cat Accessories,,Pets,Cat & Kitten,Cat Accessories,map,
Pets,Cat & Kitten,Cat Food Trays,,Pets,Cat & Kitten,Cat Food Trays,map,
Pets,Cat & Kitten,Dry Cat Food,,Pets,Cat & Kitten,Dry Cat Food,map,
Pets,Cat & Kitten,Milk & Treats,,Pets,Cat & Kitten,Milk & Treats,map,
Pets,Cat & Kitten,Multipack Pouch,,Pets,Cat & Kitten,Multipack Pouch,map,
Pets,Cat & Kitten,Single Pouch,,Pets,Cat & Kitten,Single Pouch,map,
Pets,Dog & Puppy,Cans,,Pets,Dog & Puppy,Cans,map,
Pets,Dog & Puppy,Dog Accessories,,Pets,Dog & Puppy,Dog Accessories,map,
Pets,Dog & Puppy,Dog Biscuits,,Pets,Dog & Puppy,Dog Biscuits,map,
Pets,Dog & Puppy,Dog Chews,,Pets,Dog & Puppy,Dog Chews,map,
Pets,Dog & Puppy,Dog Food Trays,,Pets,Dog & Puppy,Dog Food Trays,map,
Pets,Dog & Puppy,Dog Treats,,Pets,Dog & Puppy,Dog Treats,map,
Pets,Dog & Puppy,Dry Dog Food,,Pets,Dog & Puppy,Dry Dog Food,map,
Pets,Dog & Puppy,Pouch,,Pets,Dog & Puppy,Pouch,map,
Pets,Other Pet Food,Bird Food,,Pets,Other Pet Food,Bird Food,map,
Pets,Other Pet Food,Fish Food,,Pets,Other Pet Food,Fish Food,map,
"Wine, Beer & Spirits",Beer,Ale,,"Wine, Beer & Spirits",Beer,Ale,map,
"Wine, Beer & Spirits",Beer,Lager,,"Wine, Beer & Spirits",Beer,Lager,map,
"Wine, Beer & Spirits",Beer,Stout,,"Wine, Beer & Spirits",Beer,Stout,map,
"Wine, Beer & Spirits",Cider & Alcopops,Alcopops,,"Wine, Beer & Spirits",Cider & Alcopops,Alcopops & RTDs,map,
"Wine, Beer & Spirits",Cider & Alcopops,Cider,,"Wine, Beer & Spirits",Cider & Alcopops,Cider,map,
"Wine, Beer & Spirits",Craft Beer & Cider,Ale,,"Wine, Beer & Spirits",Beer,Ale,map,'craft' tier dissolved into style; consider an is_craft flag
"Wine, Beer & Spirits",Craft Beer & Cider,Cider,,"Wine, Beer & Spirits",Cider & Alcopops,Cider,map,'craft' tier dissolved
"Wine, Beer & Spirits",Craft Beer & Cider,Lager,,"Wine, Beer & Spirits",Beer,Lager,map,'craft' tier dissolved into style
"Wine, Beer & Spirits",Craft Beer & Cider,Stout,,"Wine, Beer & Spirits",Beer,Stout,map,'craft' tier dissolved into style
"Wine, Beer & Spirits",Non Alcoholic,Non Alcoholic Beer & Cider,,"Wine, Beer & Spirits",Non-Alcoholic,Non-Alcoholic Beer & Cider,map,
"Wine, Beer & Spirits",Non Alcoholic,Non Alcoholic Craft World Beer,,"Wine, Beer & Spirits",Non-Alcoholic,Non-Alcoholic Beer & Cider,map,'craft world' tier dissolved
"Wine, Beer & Spirits",Non Alcoholic,Non Alcoholic Spirits & Liquers,,"Wine, Beer & Spirits",Non-Alcoholic,Non-Alcoholic Spirits,map,also contains cocktail / mixer syrups
"Wine, Beer & Spirits",Non Alcoholic,Non Alcoholic Wine,,"Wine, Beer & Spirits",Non-Alcoholic,Non-Alcoholic Wine,map,
"Wine, Beer & Spirits",Spirits & Liqueurs,American Whiskey,,"Wine, Beer & Spirits",Spirits & Liqueurs,American Whiskey,map,
"Wine, Beer & Spirits",Spirits & Liqueurs,Brandy,,"Wine, Beer & Spirits",Spirits & Liqueurs,Brandy & Cognac,map,
"Wine, Beer & Spirits",Spirits & Liqueurs,Cream Liqueurs,,"Wine, Beer & Spirits",Spirits & Liqueurs,Cream Liqueurs,map,
"Wine, Beer & Spirits",Spirits & Liqueurs,Gin,,"Wine, Beer & Spirits",Spirits & Liqueurs,Gin,map,
"Wine, Beer & Spirits",Spirits & Liqueurs,Irish Whiskey,,"Wine, Beer & Spirits",Spirits & Liqueurs,Irish Whiskey,map,
"Wine, Beer & Spirits",Spirits & Liqueurs,Other Spirits,,,,,dissolve,"catch-all; liqueurs, tequila, pre-mixed bottled cocktails, RTD spirit cans, hard seltzers, schnapps -> split to Liqueurs / Tequila / Rum / Vodka / Gin / Cider & Alcopops>Alcopops & RTDs"
"Wine, Beer & Spirits",Spirits & Liqueurs,Rum,,"Wine, Beer & Spirits",Spirits & Liqueurs,Rum,map,
"Wine, Beer & Spirits",Spirits & Liqueurs,Scotch Whisky,,"Wine, Beer & Spirits",Spirits & Liqueurs,Scotch Whisky,map,
"Wine, Beer & Spirits",Spirits & Liqueurs,Vodka,,"Wine, Beer & Spirits",Spirits & Liqueurs,Vodka,map,
"Wine, Beer & Spirits",Wine,Champagne & Sparkling,,"Wine, Beer & Spirits",Champagne & Sparkling,,map,redundant 'Wine' c2 dropped
"Wine, Beer & Spirits",Wine,Gifting Wine,,,,,dissolve,1 product; gift-packaging bucket
"Wine, Beer & Spirits",Wine,"Port, Sherry, Fortified & Dessert",Other Fortified & Dessert Wines,,,,dissolve,catch-all c4; 3 vermouth + 1 tonic wine -> Fortified & Dessert Wine (vermouth arguably its own leaf)
"Wine, Beer & Spirits",Wine,"Port, Sherry, Fortified & Dessert",Port,"Wine, Beer & Spirits",Fortified & Dessert Wine,Port,map,redundant 'Wine' c2 dropped
"Wine, Beer & Spirits",Wine,"Port, Sherry, Fortified & Dessert",Sherry,"Wine, Beer & Spirits",Fortified & Dessert Wine,Sherry,map,redundant 'Wine' c2 dropped
"Wine, Beer & Spirits",Wine,Red Wine,Argentina,"Wine, Beer & Spirits",Red Wine,Argentina,map,redundant 'Wine' c2 dropped
"Wine, Beer & Spirits",Wine,Red Wine,Australia,"Wine, Beer & Spirits",Red Wine,Australia,map,redundant 'Wine' c2 dropped
"Wine, Beer & Spirits",Wine,Red Wine,Chile,"Wine, Beer & Spirits",Red Wine,Chile,map,redundant 'Wine' c2 dropped
"Wine, Beer & Spirits",Wine,Red Wine,Eastern Europe,"Wine, Beer & Spirits",Red Wine,Eastern Europe,map,redundant 'Wine' c2 dropped
"Wine, Beer & Spirits",Wine,Red Wine,France - Bordeaux,"Wine, Beer & Spirits",Red Wine,France,map,France sub-regions collapsed to single 'France' country leaf; 'Wine' c2 dropped
"Wine, Beer & Spirits",Wine,Red Wine,France - Burgundy,"Wine, Beer & Spirits",Red Wine,France,map,France sub-regions collapsed to single 'France' country leaf; 'Wine' c2 dropped
"Wine, Beer & Spirits",Wine,Red Wine,France - Other,"Wine, Beer & Spirits",Red Wine,France,map,France sub-regions collapsed to single 'France' country leaf; 'Wine' c2 dropped
"Wine, Beer & Spirits",Wine,Red Wine,France - Rhone,"Wine, Beer & Spirits",Red Wine,France,map,France sub-regions collapsed to single 'France' country leaf; 'Wine' c2 dropped
"Wine, Beer & Spirits",Wine,Red Wine,France - Vin De Pays,"Wine, Beer & Spirits",Red Wine,France,map,France sub-regions collapsed to single 'France' country leaf; 'Wine' c2 dropped
"Wine, Beer & Spirits",Wine,Red Wine,Germany,"Wine, Beer & Spirits",Red Wine,Germany,map,redundant 'Wine' c2 dropped
"Wine, Beer & Spirits",Wine,Red Wine,Italy,"Wine, Beer & Spirits",Red Wine,Italy,map,redundant 'Wine' c2 dropped
"Wine, Beer & Spirits",Wine,Red Wine,New Zealand,"Wine, Beer & Spirits",Red Wine,New Zealand,map,redundant 'Wine' c2 dropped
"Wine, Beer & Spirits",Wine,Red Wine,Other Red Wine,,,,dissolve,1 product catch-all
"Wine, Beer & Spirits",Wine,Red Wine,Portugal,"Wine, Beer & Spirits",Red Wine,Portugal,map,redundant 'Wine' c2 dropped
"Wine, Beer & Spirits",Wine,Red Wine,Small Bottles,,,,dissolve,"packaging (half / quarter bottles), mixed countries"
"Wine, Beer & Spirits",Wine,Red Wine,South Africa,"Wine, Beer & Spirits",Red Wine,South Africa,map,redundant 'Wine' c2 dropped
"Wine, Beer & Spirits",Wine,Red Wine,Spain,"Wine, Beer & Spirits",Red Wine,Spain,map,redundant 'Wine' c2 dropped
"Wine, Beer & Spirits",Wine,Red Wine,Usa,"Wine, Beer & Spirits",Red Wine,USA,map,redundant 'Wine' c2 dropped
"Wine, Beer & Spirits",Wine,Rose,,"Wine, Beer & Spirits",Rose Wine,,map,redundant 'Wine' c2 dropped
"Wine, Beer & Spirits",Wine,White Wine,Argentina,"Wine, Beer & Spirits",White Wine,Argentina,map,redundant 'Wine' c2 dropped
"Wine, Beer & Spirits",Wine,White Wine,Australia,"Wine, Beer & Spirits",White Wine,Australia,map,redundant 'Wine' c2 dropped
"Wine, Beer & Spirits",Wine,White Wine,Chile,"Wine, Beer & Spirits",White Wine,Chile,map,redundant 'Wine' c2 dropped
"Wine, Beer & Spirits",Wine,White Wine,Eastern Europe,"Wine, Beer & Spirits",White Wine,Eastern Europe,map,redundant 'Wine' c2 dropped
"Wine, Beer & Spirits",Wine,White Wine,France - Bordeaux,"Wine, Beer & Spirits",White Wine,France,map,France sub-regions collapsed to single 'France' country leaf; 'Wine' c2 dropped
"Wine, Beer & Spirits",Wine,White Wine,France - Burgundy,"Wine, Beer & Spirits",White Wine,France,map,France sub-regions collapsed to single 'France' country leaf; 'Wine' c2 dropped
"Wine, Beer & Spirits",Wine,White Wine,France - Loire,"Wine, Beer & Spirits",White Wine,France,map,France sub-regions collapsed to single 'France' country leaf; 'Wine' c2 dropped
"Wine, Beer & Spirits",Wine,White Wine,France - Other,"Wine, Beer & Spirits",White Wine,France,map,France sub-regions collapsed to single 'France' country leaf; 'Wine' c2 dropped
"Wine, Beer & Spirits",Wine,White Wine,France - Rhone,"Wine, Beer & Spirits",White Wine,France,map,France sub-regions collapsed to single 'France' country leaf; 'Wine' c2 dropped
"Wine, Beer & Spirits",Wine,White Wine,France - Vin De Pays,"Wine, Beer & Spirits",White Wine,France,map,France sub-regions collapsed to single 'France' country leaf; 'Wine' c2 dropped
"Wine, Beer & Spirits",Wine,White Wine,Germany,"Wine, Beer & Spirits",White Wine,Germany,map,redundant 'Wine' c2 dropped
"Wine, Beer & Spirits",Wine,White Wine,Italy,"Wine, Beer & Spirits",White Wine,Italy,map,redundant 'Wine' c2 dropped
"Wine, Beer & Spirits",Wine,White Wine,New Zealand,"Wine, Beer & Spirits",White Wine,New Zealand,map,redundant 'Wine' c2 dropped
"Wine, Beer & Spirits",Wine,White Wine,Portugal,"Wine, Beer & Spirits",White Wine,Portugal,map,redundant 'Wine' c2 dropped
"Wine, Beer & Spirits",Wine,White Wine,Small Bottles,,,,dissolve,"packaging (half / quarter bottles), mixed countries"
"Wine, Beer & Spirits",Wine,White Wine,South Africa,"Wine, Beer & Spirits",White Wine,South Africa,map,redundant 'Wine' c2 dropped
"Wine, Beer & Spirits",Wine,White Wine,Spain,"Wine, Beer & Spirits",White Wine,Spain,map,redundant 'Wine' c2 dropped
"Wine, Beer & Spirits",Wine,White Wine,Usa,"Wine, Beer & Spirits",White Wine,USA,map,redundant 'Wine' c2 dropped
